coderstrust.global/1000-trainees-enhancing-digital-government-economy-edge/,https://coderstrust.global/news/1000-trainees-enhancing-digital-government-economy-edge/,301,FALSE,TRUE,FALSE,FALSE
coderstrust.global/1000-trainees-enhancing-digital-government-economy-edge/feed/,https://coderstrust.global/news/1000-trainees-enhancing-digital-government-economy-edge/,301,FALSE,TRUE,FALSE,FALSE
coderstrust.global/1000-trainees-sheikh-kamal-ict-incubator-training/,https://coderstrust.global/news/1000-trainees-sheikh-kamal-ict-incubator-training/,301,FALSE,TRUE,FALSE,FALSE
coderstrust.global/1000-trainees-sheikh-kamal-ict-incubator-training/feed/,https://coderstrust.global/news/1000-trainees-sheikh-kamal-ict-incubator-training/,301,FALSE,TRUE,FALSE,FALSE
coderstrust.global/2021/,https://coderstrust.global/news/,301,FALSE,TRUE,FALSE,FALSE
coderstrust.global/2021/05/,https://coderstrust.global/news/,301,FALSE,TRUE,FALSE,FALSE
coderstrust.global/2021/05/12/,https://coderstrust.global/news/,301,FALSE,TRUE,FALSE,FALSE
coderstrust.global/2022/,https://coderstrust.global/news/,301,FALSE,TRUE,FALSE,FALSE
coderstrust.global/2022/06/,https://coderstrust.global/news/,301,FALSE,TRUE,FALSE,FALSE
coderstrust.global/2022/06/19/,https://coderstrust.global/news/,301,FALSE,TRUE,FALSE,FALSE
coderstrust.global/2022/10/,https://coderstrust.global/news/,301,FALSE,TRUE,FALSE,FALSE
coderstrust.global/2022/10/20/,https://coderstrust.global/news/,301,FALSE,TRUE,FALSE,FALSE
coderstrust.global/2022/11/,https://coderstrust.global/news/,301,FALSE,TRUE,FALSE,FALSE
coderstrust.global/2022/11/16/,https://coderstrust.global/news/,301,FALSE,TRUE,FALSE,FALSE
coderstrust.global/2023/,https://coderstrust.global/news/,301,FALSE,TRUE,FALSE,FALSE
coderstrust.global/2023/01/,https://coderstrust.global/news/,301,FALSE,TRUE,FALSE,FALSE
coderstrust.global/2023/01/05/,https://coderstrust.global/news/,301,FALSE,TRUE,FALSE,FALSE
coderstrust.global/2023/03/,https://coderstrust.global/news/,301,FALSE,TRUE,FALSE,FALSE
coderstrust.global/2023/03/05/,https://coderstrust.global/news/,301,FALSE,TRUE,FALSE,FALSE
coderstrust.global/2023/03/21/,https://coderstrust.global/news/,301,FALSE,TRUE,FALSE,FALSE
coderstrust.global/2023/04/,https://coderstrust.global/news/,301,FALSE,TRUE,FALSE,FALSE
coderstrust.global/2023/04/13/,https://coderstrust.global/news/,301,FALSE,TRUE,FALSE,FALSE
coderstrust.global/2023/05/,https://coderstrust.global/news/,301,FALSE,TRUE,FALSE,FALSE
coderstrust.global/2023/05/04/,https://coderstrust.global/news/,301,FALSE,TRUE,FALSE,FALSE
coderstrust.global/2023/06/,https://coderstrust.global/news/,301,FALSE,TRUE,FALSE,FALSE
coderstrust.global/2023/06/01/,https://coderstrust.global/news/,301,FALSE,TRUE,FALSE,FALSE
coderstrust.global/2023/06/12/,https://coderstrust.global/news/,301,FALSE,TRUE,FALSE,FALSE
coderstrust.global/2023/06/13/,https://coderstrust.global/news/,301,FALSE,TRUE,FALSE,FALSE
coderstrust.global/2023/06/15/,https://coderstrust.global/news/,301,FALSE,TRUE,FALSE,FALSE
coderstrust.global/2023/07/,https://coderstrust.global/news/,301,FALSE,TRUE,FALSE,FALSE
coderstrust.global/2023/07/19/,https://coderstrust.global/news/,301,FALSE,TRUE,FALSE,FALSE
coderstrust.global/2023/08/,https://coderstrust.global/news/,301,FALSE,TRUE,FALSE,FALSE
coderstrust.global/2023/08/01/,https://coderstrust.global/news/,301,FALSE,TRUE,FALSE,FALSE
coderstrust.global/2023/08/04/,https://coderstrust.global/news/,301,FALSE,TRUE,FALSE,FALSE
coderstrust.global/2023/08/16/,https://coderstrust.global/news/,301,FALSE,TRUE,FALSE,FALSE
coderstrust.global/2023/08/27/,https://coderstrust.global/news/,301,FALSE,TRUE,FALSE,FALSE
coderstrust.global/2023/09/,https://coderstrust.global/news/,301,FALSE,TRUE,FALSE,FALSE
coderstrust.global/2023/09/07/,https://coderstrust.global/news/,301,FALSE,TRUE,FALSE,FALSE
coderstrust.global/2023/09/17/,https://coderstrust.global/news/,301,FALSE,TRUE,FALSE,FALSE
coderstrust.global/2023/11/,https://coderstrust.global/news/,301,FALSE,TRUE,FALSE,FALSE
coderstrust.global/2023/11/04/,https://coderstrust.global/news/,301,FALSE,TRUE,FALSE,FALSE
coderstrust.global/2023/11/07/,https://coderstrust.global/news/,301,FALSE,TRUE,FALSE,FALSE
coderstrust.global/2023/11/15/,https://coderstrust.global/news/,301,FALSE,TRUE,FALSE,FALSE
coderstrust.global/2023/11/16/,https://coderstrust.global/news/,301,FALSE,TRUE,FALSE,FALSE
coderstrust.global/2023/11/21/,https://coderstrust.global/news/,301,FALSE,TRUE,FALSE,FALSE
coderstrust.global/2023/12/,https://coderstrust.global/news/,301,FALSE,TRUE,FALSE,FALSE
coderstrust.global/2023/12/03/,https://coderstrust.global/news/,301,FALSE,TRUE,FALSE,FALSE
coderstrust.global/2023/12/12/,https://coderstrust.global/news/,301,FALSE,TRUE,FALSE,FALSE
coderstrust.global/2024/,https://coderstrust.global/news/,301,FALSE,TRUE,FALSE,FALSE
coderstrust.global/2024/05/,https://coderstrust.global/news/,301,FALSE,TRUE,FALSE,FALSE
coderstrust.global/2024/05/28/,https://coderstrust.global/news/,301,FALSE,TRUE,FALSE,FALSE
coderstrust.global/2024/05/29/,https://coderstrust.global/news/,301,FALSE,TRUE,FALSE,FALSE
coderstrust.global/2024/08/,https://coderstrust.global/news/,301,FALSE,TRUE,FALSE,FALSE
coderstrust.global/2024/08/07/,https://coderstrust.global/news/,301,FALSE,TRUE,FALSE,FALSE
coderstrust.global/2024/10/,https://coderstrust.global/news/,301,FALSE,TRUE,FALSE,FALSE
coderstrust.global/2024/10/08/,https://coderstrust.global/news/,301,FALSE,TRUE,FALSE,FALSE
coderstrust.global/2025/,https://coderstrust.global/news/,301,FALSE,TRUE,FALSE,FALSE
coderstrust.global/2025/01/,https://coderstrust.global/news/,301,FALSE,TRUE,FALSE,FALSE
coderstrust.global/2025/01/04/,https://coderstrust.global/news/,301,FALSE,TRUE,FALSE,FALSE
coderstrust.global/2025/01/22/,https://coderstrust.global/news/,301,FALSE,TRUE,FALSE,FALSE
coderstrust.global/2025/05/,https://coderstrust.global/news/,301,FALSE,TRUE,FALSE,FALSE
coderstrust.global/2025/05/13/,https://coderstrust.global/news/,301,FALSE,TRUE,FALSE,FALSE
coderstrust.global/2025/05/26/,https://coderstrust.global/news/,301,FALSE,TRUE,FALSE,FALSE
coderstrust.global/2025/08/,https://coderstrust.global/news/,301,FALSE,TRUE,FALSE,FALSE
coderstrust.global/2025/08/28/,https://coderstrust.global/news/,301,FALSE,TRUE,FALSE,FALSE
coderstrust.global/2025/09/,https://coderstrust.global/news/,301,FALSE,TRUE,FALSE,FALSE
coderstrust.global/2025/09/23/,https://coderstrust.global/news/,301,FALSE,TRUE,FALSE,FALSE
coderstrust.global/2025/10/,https://coderstrust.global/news/,301,FALSE,TRUE,FALSE,FALSE
coderstrust.global/2025/10/14/,https://coderstrust.global/news/,301,FALSE,TRUE,FALSE,FALSE
coderstrust.global/2025/10/18/,https://coderstrust.global/news/,301,FALSE,TRUE,FALSE,FALSE
coderstrust.global/2025/11/,https://coderstrust.global/news/,301,FALSE,TRUE,FALSE,FALSE
coderstrust.global/2025/11/04/,https://coderstrust.global/news/,301,FALSE,TRUE,FALSE,FALSE
coderstrust.global/2026/,https://coderstrust.global/news/,301,FALSE,TRUE,FALSE,FALSE
coderstrust.global/2026/01/,https://coderstrust.global/news/,301,FALSE,TRUE,FALSE,FALSE
coderstrust.global/2026/01/16/,https://coderstrust.global/news/,301,FALSE,TRUE,FALSE,FALSE
coderstrust.global/2026/02/,https://coderstrust.global/news/,301,FALSE,TRUE,FALSE,FALSE
coderstrust.global/2026/02/06/,https://coderstrust.global/news/,301,FALSE,TRUE,FALSE,FALSE
coderstrust.global/2026/02/09/,https://coderstrust.global/news/,301,FALSE,TRUE,FALSE,FALSE
coderstrust.global/2026/04/,https://coderstrust.global/news/,301,FALSE,TRUE,FALSE,FALSE
coderstrust.global/2026/04/17/,https://coderstrust.global/news/,301,FALSE,TRUE,FALSE,FALSE
coderstrust.global/2026/07/,https://coderstrust.global/news/,301,FALSE,TRUE,FALSE,FALSE
coderstrust.global/2026/07/17/,https://coderstrust.global/news/,301,FALSE,TRUE,FALSE,FALSE
coderstrust.global/2026/07/18/,https://coderstrust.global/news/,301,FALSE,TRUE,FALSE,FALSE
coderstrust.global/2026/07/27/,https://coderstrust.global/news/,301,FALSE,TRUE,FALSE,FALSE
coderstrust.global/2026/08/,https://coderstrust.global/news/,301,FALSE,TRUE,FALSE,FALSE
coderstrust.global/2026/08/01/,https://coderstrust.global/news/,301,FALSE,TRUE,FALSE,FALSE
coderstrust.global/2026/08/04/,https://coderstrust.global/news/,301,FALSE,TRUE,FALSE,FALSE
coderstrust.global/2026/08/18/,https://coderstrust.global/news/,301,FALSE,TRUE,FALSE,FALSE
coderstrust.global/2026/09/,https://coderstrust.global/news/,301,FALSE,TRUE,FALSE,FALSE
coderstrust.global/2026/09/02/,https://coderstrust.global/news/,301,FALSE,TRUE,FALSE,FALSE
coderstrust.global/2026/09/13/,https://coderstrust.global/news/,301,FALSE,TRUE,FALSE,FALSE
coderstrust.global/2026/09/23/,https://coderstrust.global/news/,301,FALSE,TRUE,FALSE,FALSE
coderstrust.global/2026/10/,https://coderstrust.global/news/,301,FALSE,TRUE,FALSE,FALSE
coderstrust.global/2026/10/06/,https://coderstrust.global/news/,301,FALSE,TRUE,FALSE,FALSE
coderstrust.global/25000-trainees-her-power-empowerment-of-women-through-ict-frontier-initiative/,https://coderstrust.global/news/25000-trainees-her-power-empowerment-of-women-through-ict-frontier-initiative/,301,FALSE,TRUE,FALSE,FALSE
coderstrust.global/25000-trainees-her-power-empowerment-of-women-through-ict-frontier-initiative/feed/,https://coderstrust.global/news/25000-trainees-her-power-empowerment-of-women-through-ict-frontier-initiative/,301,FALSE,TRUE,FALSE,FALSE
coderstrust.global/a-proud-milestone-for-coderstrust/,https://coderstrust.global/news/a-proud-milestone-for-coderstrust/,301,FALSE,TRUE,FALSE,FALSE
coderstrust.global/a-proud-milestone-for-coderstrust/feed/,https://coderstrust.global/news/a-proud-milestone-for-coderstrust/,301,FALSE,TRUE,FALSE,FALSE
coderstrust.global/author/joya/,https://coderstrust.global/about/team/,301,FALSE,TRUE,FALSE,FALSE
coderstrust.global/author/joya/feed/,https://coderstrust.global/about/team/,301,FALSE,TRUE,FALSE,FALSE
coderstrust.global/author/joya/page/2/,https://coderstrust.global/about/team/,301,FALSE,TRUE,FALSE,FALSE
coderstrust.global/author/joya/page/3/,https://coderstrust.global/about/team/,301,FALSE,TRUE,FALSE,FALSE
coderstrust.global/author/mehta/,https://coderstrust.global/about/team/,301,FALSE,TRUE,FALSE,FALSE
coderstrust.global/aziz-ahmad-advocates-technology-skills-for-peace-at-un-world-press-freedom-day/,https://coderstrust.global/news/aziz-ahmad-advocates-technology-skills-for-peace-at-un-world-press-freedom-day/,301,FALSE,TRUE,FALSE,FALSE
coderstrust.global/aziz-ahmad-advocates-technology-skills-for-peace-at-un-world-press-freedom-day/feed/,https://coderstrust.global/news/aziz-ahmad-advocates-technology-skills-for-peace-at-un-world-press-freedom-day/,301,FALSE,TRUE,FALSE,FALSE
coderstrust.global/aziz-ahmad-co-founder-and-global-chairman-of-coderstrust-appointed-as-global-upeace-ambassador/,https://coderstrust.global/news/aziz-ahmad-co-founder-and-global-chairman-of-coderstrust-appointed-as-global-upeace-ambassador/,301,FALSE,TRUE,FALSE,FALSE
coderstrust.global/aziz-ahmad-co-founder-and-global-chairman-of-coderstrust-appointed-as-global-upeace-ambassador/feed/,https://coderstrust.global/news/aziz-ahmad-co-founder-and-global-chairman-of-coderstrust-appointed-as-global-upeace-ambassador/,301,FALSE,TRUE,FALSE,FALSE
coderstrust.global/aziz-ahmad-wins-the-nynjmsdc-partnership-award-in-the-united-states/,https://coderstrust.global/news/aziz-ahmad-wins-the-nynjmsdc-partnership-award-in-the-united-states/,301,FALSE,TRUE,FALSE,FALSE
coderstrust.global/aziz-ahmad-wins-the-nynjmsdc-partnership-award-in-the-united-states/feed/,https://coderstrust.global/news/aziz-ahmad-wins-the-nynjmsdc-partnership-award-in-the-united-states/,301,FALSE,TRUE,FALSE,FALSE
coderstrust.global/aziz-ahmad/,https://coderstrust.global/about/team/aziz-ahmad/,301,FALSE,TRUE,FALSE,FALSE
coderstrust.global/c-test/ctwest1/,https://coderstrust.global/,301,FALSE,TRUE,FALSE,FALSE
coderstrust.global/c-test/ctwest1/feed/,https://coderstrust.global/,301,FALSE,TRUE,FALSE,FALSE
coderstrust.global/case-studies/,https://coderstrust.global/impact/case-studies/,301,FALSE,TRUE,FALSE,FALSE
coderstrust.global/case-studies/brac-strong-it-project/,https://coderstrust.global/impact/case-studies/,301,FALSE,TRUE,FALSE,FALSE
coderstrust.global/case-studies/her-power-project/,https://coderstrust.global/impact/case-studies/her-power/,301,FALSE,TRUE,FALSE,FALSE
coderstrust.global/case-studies/kosovo-women-in-online-work-wow-pilot-2017/,https://coderstrust.global/impact/case-studies/kosovo-women-in-online-work/,301,FALSE,TRUE,FALSE,FALSE
coderstrust.global/case-studies/undp-yes-project/,https://coderstrust.global/impact/case-studies/undp-yes-korail/,301,FALSE,TRUE,FALSE,FALSE
coderstrust.global/case-studies/womens-skill-development-for-freelancing-marketplace-wsdfm-project/,https://coderstrust.global/impact/case-studies/wsdfm-women-freelancers/,301,FALSE,TRUE,FALSE,FALSE
coderstrust.global/category/company-news/,https://coderstrust.global/news/,301,FALSE,TRUE,FALSE,FALSE
coderstrust.global/category/company-news/feed/,https://coderstrust.global/news/,301,FALSE,TRUE,FALSE,FALSE
coderstrust.global/category/featured-news/,https://coderstrust.global/news/,301,FALSE,TRUE,FALSE,FALSE
coderstrust.global/category/featured-news/feed/,https://coderstrust.global/news/,301,FALSE,TRUE,FALSE,FALSE
coderstrust.global/category/latest-news/,https://coderstrust.global/news/,301,FALSE,TRUE,FALSE,FALSE
coderstrust.global/category/latest-news/feed/,https://coderstrust.global/news/,301,FALSE,TRUE,FALSE,FALSE
coderstrust.global/category/latest-news/page/2/,https://coderstrust.global/news/,301,FALSE,TRUE,FALSE,FALSE
coderstrust.global/category/latest-news/page/3/,https://coderstrust.global/news/,301,FALSE,TRUE,FALSE,FALSE
coderstrust.global/category/latest-news/page/4/,https://coderstrust.global/news/,301,FALSE,TRUE,FALSE,FALSE
coderstrust.global/category/news-and-events/,https://coderstrust.global/news/,301,FALSE,TRUE,FALSE,FALSE
coderstrust.global/category/recent-large-scale-contracts/,https://coderstrust.global/news/,301,FALSE,TRUE,FALSE,FALSE
coderstrust.global/category/recent-large-scale-contracts/feed/,https://coderstrust.global/news/,301,FALSE,TRUE,FALSE,FALSE
coderstrust.global/category/uncategorized/,https://coderstrust.global/news/,301,FALSE,TRUE,FALSE,FALSE
coderstrust.global/category/workforce-development/,https://coderstrust.global/news/,301,FALSE,TRUE,FALSE,FALSE
coderstrust.global/category/workforce-development/feed/,https://coderstrust.global/news/,301,FALSE,TRUE,FALSE,FALSE
coderstrust.global/celebrating-america-week-with-the-u-s-embassy-dhaka/,https://coderstrust.global/news/celebrating-america-week-with-the-u-s-embassy-dhaka/,301,FALSE,TRUE,FALSE,FALSE
coderstrust.global/celebrating-america-week-with-the-u-s-embassy-dhaka/feed/,https://coderstrust.global/news/celebrating-america-week-with-the-u-s-embassy-dhaka/,301,FALSE,TRUE,FALSE,FALSE
coderstrust.global/coderstrust-and-basis-asset-collaborate-to-build-bangladeshs-it-future/,https://coderstrust.global/news/coderstrust-and-basis-asset-collaborate-to-build-bangladeshs-it-future/,301,FALSE,TRUE,FALSE,FALSE
coderstrust.global/coderstrust-and-basis-asset-collaborate-to-build-bangladeshs-it-future/feed/,https://coderstrust.global/news/coderstrust-and-basis-asset-collaborate-to-build-bangladeshs-it-future/,301,FALSE,TRUE,FALSE,FALSE
coderstrust.global/coderstrust-and-doict-shaping-a-smart-future-through-trainer-empowerment/,https://coderstrust.global/news/coderstrust-and-doict-shaping-a-smart-future-through-trainer-empowerment/,301,FALSE,TRUE,FALSE,FALSE
coderstrust.global/coderstrust-and-doict-shaping-a-smart-future-through-trainer-empowerment/feed/,https://coderstrust.global/news/coderstrust-and-doict-shaping-a-smart-future-through-trainer-empowerment/,301,FALSE,TRUE,FALSE,FALSE
coderstrust.global/coderstrust-attends-wsis20-forum-high-level-event/,https://coderstrust.global/news/coderstrust-attends-wsis20-forum-high-level-event/,301,FALSE,TRUE,FALSE,FALSE
coderstrust.global/coderstrust-attends-wsis20-forum-high-level-event/feed/,https://coderstrust.global/news/coderstrust-attends-wsis20-forum-high-level-event/,301,FALSE,TRUE,FALSE,FALSE
coderstrust.global/coderstrust-bangladesh-and-ostitto-join-forces-to-bridge-the-digital-divide/,https://coderstrust.global/news/coderstrust-bangladesh-and-ostitto-join-forces-to-bridge-the-digital-divide/,301,FALSE,TRUE,FALSE,FALSE
coderstrust.global/coderstrust-bangladesh-and-ostitto-join-forces-to-bridge-the-digital-divide/feed/,https://coderstrust.global/news/coderstrust-bangladesh-and-ostitto-join-forces-to-bridge-the-digital-divide/,301,FALSE,TRUE,FALSE,FALSE
coderstrust.global/coderstrust-bangladesh-partners-with-us-based-remoteintegrity-llc-to-expand-global-career-opportunities/,https://coderstrust.global/news/coderstrust-bangladesh-partners-with-us-based-remoteintegrity-llc-to-expand-global-career-opportunities/,301,FALSE,TRUE,FALSE,FALSE
coderstrust.global/coderstrust-bangladesh-partners-with-us-based-remoteintegrity-llc-to-expand-global-career-opportunities/feed/,https://coderstrust.global/news/coderstrust-bangladesh-partners-with-us-based-remoteintegrity-llc-to-expand-global-career-opportunities/,301,FALSE,TRUE,FALSE,FALSE
coderstrust.global/coderstrust-bangladesh-signs-strategic-mou-with-base-study-concern-to-enhance-global-education-opportunities/,https://coderstrust.global/news/coderstrust-bangladesh-signs-strategic-mou-with-base-study-concern-to-enhance-global-education-opportunities/,301,FALSE,TRUE,FALSE,FALSE
coderstrust.global/coderstrust-bangladesh-signs-strategic-mou-with-base-study-concern-to-enhance-global-education-opportunities/feed/,https://coderstrust.global/news/coderstrust-bangladesh-signs-strategic-mou-with-base-study-concern-to-enhance-global-education-opportunities/,301,FALSE,TRUE,FALSE,FALSE
coderstrust.global/coderstrust-brings-discovery-education-the-global-leader-of-stem-education-to-bangladeshi-schools-and-learners/,https://coderstrust.global/news/coderstrust-brings-discovery-education-the-global-leader-of-stem-education-to-bangladeshi-schools-and-learners/,301,FALSE,TRUE,FALSE,FALSE
coderstrust.global/coderstrust-brings-discovery-education-the-global-leader-of-stem-education-to-bangladeshi-schools-and-learners/feed/,https://coderstrust.global/news/coderstrust-brings-discovery-education-the-global-leader-of-stem-education-to-bangladeshi-schools-and-learners/,301,FALSE,TRUE,FALSE,FALSE
coderstrust.global/coderstrust-chairman-and-co-founder-aziz-ahmad-encourages-rmstu-graduates-to-build-global-careers-through-skills-and-innovation/,https://coderstrust.global/news/coderstrust-chairman-and-co-founder-aziz-ahmad-encourages-rmstu-graduates-to-build-global-careers-through-skills-and-innovation/,301,FALSE,TRUE,FALSE,FALSE
coderstrust.global/coderstrust-chairman-and-co-founder-aziz-ahmad-encourages-rmstu-graduates-to-build-global-careers-through-skills-and-innovation/feed/,https://coderstrust.global/news/coderstrust-chairman-and-co-founder-aziz-ahmad-encourages-rmstu-graduates-to-build-global-careers-through-skills-and-innovation/,301,FALSE,TRUE,FALSE,FALSE
coderstrust.global/coderstrust-chairman-and-co-founder-aziz-ahmad-participates-in-u-s-energy-security-panel/,https://coderstrust.global/news/coderstrust-chairman-and-co-founder-aziz-ahmad-participates-in-u-s-energy-security-panel/,301,FALSE,TRUE,FALSE,FALSE
coderstrust.global/coderstrust-chairman-and-co-founder-aziz-ahmad-participates-in-u-s-energy-security-panel/feed/,https://coderstrust.global/news/coderstrust-chairman-and-co-founder-aziz-ahmad-participates-in-u-s-energy-security-panel/,301,FALSE,TRUE,FALSE,FALSE
coderstrust.global/coderstrust-chairman-aziz-ahmad-meets-bangladesh-foreign-affairs-minister-khalilur-rahman/,https://coderstrust.global/news/coderstrust-chairman-aziz-ahmad-meets-bangladesh-foreign-affairs-minister-khalilur-rahman/,301,FALSE,TRUE,FALSE,FALSE
coderstrust.global/coderstrust-chairman-aziz-ahmad-meets-bangladesh-foreign-affairs-minister-khalilur-rahman/feed/,https://coderstrust.global/news/coderstrust-chairman-aziz-ahmad-meets-bangladesh-foreign-affairs-minister-khalilur-rahman/,301,FALSE,TRUE,FALSE,FALSE
coderstrust.global/coderstrust-chairman-aziz-ahmad-visits-city-college-downtown-to-explore-global-partnership/,https://coderstrust.global/news/coderstrust-chairman-aziz-ahmad-visits-city-college-downtown-to-explore-global-partnership/,301,FALSE,TRUE,FALSE,FALSE
coderstrust.global/coderstrust-chairman-aziz-ahmad-visits-city-college-downtown-to-explore-global-partnership/feed/,https://coderstrust.global/news/coderstrust-chairman-aziz-ahmad-visits-city-college-downtown-to-explore-global-partnership/,301,FALSE,TRUE,FALSE,FALSE
coderstrust.global/coderstrust-chairman-mr-aziz-ahmad-joins-bciu-roundtable-in-washington-d-c/,https://coderstrust.global/news/coderstrust-chairman-mr-aziz-ahmad-joins-bciu-roundtable-in-washington-d-c/,301,FALSE,TRUE,FALSE,FALSE
coderstrust.global/coderstrust-chairman-mr-aziz-ahmad-joins-bciu-roundtable-in-washington-d-c/feed/,https://coderstrust.global/news/coderstrust-chairman-mr-aziz-ahmad-joins-bciu-roundtable-in-washington-d-c/,301,FALSE,TRUE,FALSE,FALSE
coderstrust.global/coderstrust-chairman-mr-aziz-ahmad-leads-delegation-to-u-s-embassy-to-discuss-youth-empowerment/,https://coderstrust.global/news/coderstrust-chairman-mr-aziz-ahmad-leads-delegation-to-u-s-embassy-to-discuss-youth-empowerment/,301,FALSE,TRUE,FALSE,FALSE
coderstrust.global/coderstrust-chairman-mr-aziz-ahmad-leads-delegation-to-u-s-embassy-to-discuss-youth-empowerment/feed/,https://coderstrust.global/news/coderstrust-chairman-mr-aziz-ahmad-leads-delegation-to-u-s-embassy-to-discuss-youth-empowerment/,301,FALSE,TRUE,FALSE,FALSE
coderstrust.global/coderstrust-chairman-mr-aziz-ahmad-receives-sdg-life-achievement-award-from-the-unsgii/,https://coderstrust.global/news/coderstrust-chairman-mr-aziz-ahmad-receives-sdg-life-achievement-award-from-the-unsgii/,301,FALSE,TRUE,FALSE,FALSE
coderstrust.global/coderstrust-chairman-mr-aziz-ahmad-receives-sdg-life-achievement-award-from-the-unsgii/feed/,https://coderstrust.global/news/coderstrust-chairman-mr-aziz-ahmad-receives-sdg-life-achievement-award-from-the-unsgii/,301,FALSE,TRUE,FALSE,FALSE
coderstrust.global/coderstrust-chairman-mr-aziz-ahmad-speaks-on-cybersecurity-artificial-intelligence-at-united-nations-general-assembly-unga-2025/,https://coderstrust.global/news/coderstrust-chairman-mr-aziz-ahmad-speaks-on-cybersecurity-artificial-intelligence-at-united-nations-general-assembly-unga-2025/,301,FALSE,TRUE,FALSE,FALSE
coderstrust.global/coderstrust-chairman-mr-aziz-ahmad-speaks-on-cybersecurity-artificial-intelligence-at-united-nations-general-assembly-unga-2025/feed/,https://coderstrust.global/news/coderstrust-chairman-mr-aziz-ahmad-speaks-on-cybersecurity-artificial-intelligence-at-united-nations-general-assembly-unga-2025/,301,FALSE,TRUE,FALSE,FALSE
coderstrust.global/coderstrust-earns-recognition-among-top-100-edtech-companies-in-south-asia/,https://coderstrust.global/news/coderstrust-earns-recognition-among-top-100-edtech-companies-in-south-asia/,301,FALSE,TRUE,FALSE,FALSE
coderstrust.global/coderstrust-earns-recognition-among-top-100-edtech-companies-in-south-asia/feed/,https://coderstrust.global/news/coderstrust-earns-recognition-among-top-100-edtech-companies-in-south-asia/,301,FALSE,TRUE,FALSE,FALSE
coderstrust.global/coderstrust-is-committed-to-the-vision-of-a-smart-bangladesh-within-2041-aziz-ahmad/,https://coderstrust.global/news/coderstrust-is-committed-to-the-vision-of-a-smart-bangladesh-within-2041-aziz-ahmad/,301,FALSE,TRUE,FALSE,FALSE
coderstrust.global/coderstrust-is-committed-to-the-vision-of-a-smart-bangladesh-within-2041-aziz-ahmad/feed/,https://coderstrust.global/news/coderstrust-is-committed-to-the-vision-of-a-smart-bangladesh-within-2041-aziz-ahmad/,301,FALSE,TRUE,FALSE,FALSE
coderstrust.global/coderstrust-is-signing-mou-with-un-mandated-university-for-peace-on-academic-collaboration/,https://coderstrust.global/news/coderstrust-is-signing-mou-with-un-mandated-university-for-peace-on-academic-collaboration/,301,FALSE,TRUE,FALSE,FALSE
coderstrust.global/coderstrust-is-signing-mou-with-un-mandated-university-for-peace-on-academic-collaboration/feed/,https://coderstrust.global/news/coderstrust-is-signing-mou-with-un-mandated-university-for-peace-on-academic-collaboration/,301,FALSE,TRUE,FALSE,FALSE
coderstrust.global/coderstrust-launches-a-next-generation-skills-college-in-partnership-with-the-worlds-second-largest-university/,https://coderstrust.global/news/,301,FALSE,TRUE,FALSE,FALSE
coderstrust.global/coderstrust-leedo-join-to-expands-ict-education-to-street-children/,https://coderstrust.global/news/coderstrust-leedo-join-to-expands-ict-education-to-street-children/,301,FALSE,TRUE,FALSE,FALSE
coderstrust.global/coderstrust-leedo-join-to-expands-ict-education-to-street-children/feed/,https://coderstrust.global/news/coderstrust-leedo-join-to-expands-ict-education-to-street-children/,301,FALSE,TRUE,FALSE,FALSE
coderstrust.global/coderstrust-organizes-career-carnival-for-students-and-affiliates/,https://coderstrust.global/news/coderstrust-organizes-career-carnival-for-students-and-affiliates/,301,FALSE,TRUE,FALSE,FALSE
coderstrust.global/coderstrust-organizes-career-carnival-for-students-and-affiliates/feed/,https://coderstrust.global/news/coderstrust-organizes-career-carnival-for-students-and-affiliates/,301,FALSE,TRUE,FALSE,FALSE
coderstrust.global/coderstrust-provides-corporate-training-to-akij-group-one-of-the-largest-conglomerates-of-south-asia/,https://coderstrust.global/news/coderstrust-provides-corporate-training-to-akij-group-one-of-the-largest-conglomerates-of-south-asia/,301,FALSE,TRUE,FALSE,FALSE
coderstrust.global/coderstrust-provides-corporate-training-to-akij-group-one-of-the-largest-conglomerates-of-south-asia/feed/,https://coderstrust.global/news/coderstrust-provides-corporate-training-to-akij-group-one-of-the-largest-conglomerates-of-south-asia/,301,FALSE,TRUE,FALSE,FALSE
coderstrust.global/coderstrust-recognized-among-holoniqs-2024-south-asia-edtech-100/,https://coderstrust.global/news/coderstrust-recognized-among-holoniqs-2024-south-asia-edtech-100/,301,FALSE,TRUE,FALSE,FALSE
coderstrust.global/coderstrust-recognized-among-holoniqs-2024-south-asia-edtech-100/feed/,https://coderstrust.global/news/coderstrust-recognized-among-holoniqs-2024-south-asia-edtech-100/,301,FALSE,TRUE,FALSE,FALSE
coderstrust.global/coderstrust-seals-groundbreaking-mou-with-nctb-paving-the-way-for-competency-based-learning-opportunities/,https://coderstrust.global/news/coderstrust-seals-groundbreaking-mou-with-nctb-paving-the-way-for-competency-based-learning-opportunities/,301,FALSE,TRUE,FALSE,FALSE
coderstrust.global/coderstrust-seals-groundbreaking-mou-with-nctb-paving-the-way-for-competency-based-learning-opportunities/feed/,https://coderstrust.global/news/coderstrust-seals-groundbreaking-mou-with-nctb-paving-the-way-for-competency-based-learning-opportunities/,301,FALSE,TRUE,FALSE,FALSE
coderstrust.global/coderstrust-story/,https://coderstrust.global/about/#story,301,FALSE,TRUE,FALSE,FALSE
coderstrust.global/coderstrust-students-invited-to-join-upeaces-young-leaders-for-peace-summer-programme-2026/,https://coderstrust.global/news/coderstrust-students-invited-to-join-upeaces-young-leaders-for-peace-summer-programme-2026/,301,FALSE,TRUE,FALSE,FALSE
coderstrust.global/coderstrust-students-invited-to-join-upeaces-young-leaders-for-peace-summer-programme-2026/feed/,https://coderstrust.global/news/coderstrust-students-invited-to-join-upeaces-young-leaders-for-peace-summer-programme-2026/,301,FALSE,TRUE,FALSE,FALSE
coderstrust.global/coderstrust-teaching-you-freelancing-the-right-way/,https://coderstrust.global/news/coderstrust-teaching-you-freelancing-the-right-way/,301,FALSE,TRUE,FALSE,FALSE
coderstrust.global/coderstrust-teaching-you-freelancing-the-right-way/feed/,https://coderstrust.global/news/coderstrust-teaching-you-freelancing-the-right-way/,301,FALSE,TRUE,FALSE,FALSE
coderstrust.global/coderstrust-visited-bimstec-headquarter/,https://coderstrust.global/news/coderstrust-visited-bimstec-headquarter/,301,FALSE,TRUE,FALSE,FALSE
coderstrust.global/coderstrust-visited-bimstec-headquarter/feed/,https://coderstrust.global/news/coderstrust-visited-bimstec-headquarter/,301,FALSE,TRUE,FALSE,FALSE
coderstrust.global/comments/feed/,https://coderstrust.global/news/,301,FALSE,TRUE,FALSE,FALSE
coderstrust.global/course-category/cloud-devops/,https://jobready.global/course-category/professional-certification/cloud-and-devops/,301,FALSE,TRUE,FALSE,FALSE
coderstrust.global/course-category/digital-business/,https://jobready.global/course-category/professional-skills/digital-marketing/,301,FALSE,TRUE,FALSE,FALSE
coderstrust.global/course-category/digital-operations/,https://jobready.global/course-category/professional-certification/digital-enterprise/,301,FALSE,TRUE,FALSE,FALSE
coderstrust.global/course-category/nu-pgd-courses/,https://coderstrust.global/nu-postgraduate-diploma/,301,FALSE,TRUE,FALSE,FALSE
coderstrust.global/course-category/software-development/,https://jobready.global/course-category/professional-certification/software-development/,301,FALSE,TRUE,FALSE,FALSE
coderstrust.global/course-category/superkids-courses/,https://jobready.global/course-category/superkids/,301,FALSE,TRUE,FALSE,FALSE
coderstrust.global/course-layout-template/,https://jobready.global/,301,FALSE,TRUE,FALSE,FALSE
coderstrust.global/course/,https://jobready.global/courses/,301,FALSE,TRUE,FALSE,FALSE
coderstrust.global/course/advance-excel-and-power-bi/,https://jobready.global/course/advanced-excel-live-online-course/,301,FALSE,TRUE,FALSE,FALSE
coderstrust.global/course/advance-excel-and-power-bi/feed/,https://jobready.global/course/advanced-excel-live-online-course/,301,FALSE,TRUE,FALSE,FALSE
coderstrust.global/course/advanced-facebook-marketing/,https://jobready.global/courses/,301,FALSE,TRUE,FALSE,FALSE
coderstrust.global/course/advanced-facebook-marketing/feed/,https://jobready.global/courses/,301,FALSE,TRUE,FALSE,FALSE
coderstrust.global/course/advanced-seo-amazon-affiliate-marketing/,https://jobready.global/courses/,301,FALSE,TRUE,FALSE,FALSE
coderstrust.global/course/advanced-seo-amazon-affiliate-marketing/feed/,https://jobready.global/courses/,301,FALSE,TRUE,FALSE,FALSE
coderstrust.global/course/advanced-web-development/,https://jobready.global/courses/,301,FALSE,TRUE,FALSE,FALSE
coderstrust.global/course/advanced-web-development/feed/,https://jobready.global/courses/,301,FALSE,TRUE,FALSE,FALSE
coderstrust.global/course/android-app-development/,https://jobready.global/courses/,301,FALSE,TRUE,FALSE,FALSE
coderstrust.global/course/android-app-development/feed/,https://jobready.global/courses/,301,FALSE,TRUE,FALSE,FALSE
coderstrust.global/course/app-development-with-lovable-cursor-ai/,https://jobready.global/course/app-development-with-lovable-cursor-ai-live-online-course/,301,FALSE,TRUE,FALSE,FALSE
coderstrust.global/course/app-development-with-lovable-cursor-ai/feed/,https://jobready.global/course/app-development-with-lovable-cursor-ai-live-online-course/,301,FALSE,TRUE,FALSE,FALSE
coderstrust.global/course/aws-certified-solutions-architect-associate/,https://jobready.global/course/aws-certified-solutions-architect-associate/,301,FALSE,TRUE,FALSE,FALSE
coderstrust.global/course/aws-certified-solutions-architect-associate/feed/,https://jobready.global/course/aws-certified-solutions-architect-associate/,301,FALSE,TRUE,FALSE,FALSE
coderstrust.global/course/career-with-remote-job/,https://jobready.global/courses/,301,FALSE,TRUE,FALSE,FALSE
coderstrust.global/course/career-with-remote-job/feed/,https://jobready.global/courses/,301,FALSE,TRUE,FALSE,FALSE
coderstrust.global/course/certified-cyber-security-professional-advance/,https://jobready.global/courses/,301,FALSE,TRUE,FALSE,FALSE
coderstrust.global/course/certified-cyber-security-professional-advance/feed/,https://jobready.global/courses/,301,FALSE,TRUE,FALSE,FALSE
coderstrust.global/course/cloud-accounting-with-quickbooks-and-xero/,https://jobready.global/course/cloud-accounting-with-quickbooks-and-xero-on-campus-course/,301,FALSE,TRUE,FALSE,FALSE
coderstrust.global/course/cloud-accounting-with-quickbooks-and-xero/feed/,https://jobready.global/course/cloud-accounting-with-quickbooks-and-xero-on-campus-course/,301,FALSE,TRUE,FALSE,FALSE
coderstrust.global/course/complete-ielts-preparation/,https://jobready.global/course/complete-ielts-preparation-live-online-course/,301,FALSE,TRUE,FALSE,FALSE
coderstrust.global/course/complete-ielts-preparation/feed/,https://jobready.global/course/complete-ielts-preparation-live-online-course/,301,FALSE,TRUE,FALSE,FALSE
coderstrust.global/course/content-writing/,https://jobready.global/course/content-writing-with-ai-live-online-course/,301,FALSE,TRUE,FALSE,FALSE
coderstrust.global/course/content-writing/feed/,https://jobready.global/course/content-writing-with-ai-live-online-course/,301,FALSE,TRUE,FALSE,FALSE
coderstrust.global/course/cyber-security-career-accelerator-fundamental/,https://jobready.global/course/cybersecurity-career-accelerator-live-online-course/,301,FALSE,TRUE,FALSE,FALSE
coderstrust.global/course/cyber-security-career-accelerator-fundamental/feed/,https://jobready.global/course/cybersecurity-career-accelerator-live-online-course/,301,FALSE,TRUE,FALSE,FALSE
coderstrust.global/course/cyber-security/,https://jobready.global/courses/,301,FALSE,TRUE,FALSE,FALSE
coderstrust.global/course/cyber-security/feed/,https://jobready.global/courses/,301,FALSE,TRUE,FALSE,FALSE
coderstrust.global/course/digital-accounting-professional/,https://jobready.global/courses/,301,FALSE,TRUE,FALSE,FALSE
coderstrust.global/course/digital-marketing-pgd/,https://coderstrust.global/nu-postgraduate-diploma/digital-marketing/,301,FALSE,TRUE,FALSE,FALSE
coderstrust.global/course/digital-marketing-pgd/feed/,https://coderstrust.global/nu-postgraduate-diploma/digital-marketing/,301,FALSE,TRUE,FALSE,FALSE
coderstrust.global/course/digital-marketing/,https://jobready.global/course/digital-marketing-with-ai-on-campus-classroom-course/,301,FALSE,TRUE,FALSE,FALSE
coderstrust.global/course/digital-marketing/feed/,https://jobready.global/course/digital-marketing-with-ai-on-campus-classroom-course/,301,FALSE,TRUE,FALSE,FALSE
coderstrust.global/course/diploma-in-digital-business/,https://jobready.global/courses/,301,FALSE,TRUE,FALSE,FALSE
coderstrust.global/course/diploma-in-digital-business/feed/,https://jobready.global/courses/,301,FALSE,TRUE,FALSE,FALSE
coderstrust.global/course/diploma-in-tech-entrepreneurship-course/,https://jobready.global/courses/,301,FALSE,TRUE,FALSE,FALSE
coderstrust.global/course/diploma-in-tech-entrepreneurship-course/feed/,https://jobready.global/courses/,301,FALSE,TRUE,FALSE,FALSE
coderstrust.global/course/front-end-development/,https://jobready.global/course/web-development-professional-live-online-course/,301,FALSE,TRUE,FALSE,FALSE
coderstrust.global/course/front-end-development/feed/,https://jobready.global/course/web-development-professional-live-online-course/,301,FALSE,TRUE,FALSE,FALSE
coderstrust.global/course/fundamentals-of-block-coding/,https://jobready.global/course/fundamentals-of-block-coding-live-online-course/,301,FALSE,TRUE,FALSE,FALSE
coderstrust.global/course/fundamentals-of-block-coding/feed/,https://jobready.global/course/fundamentals-of-block-coding-live-online-course/,301,FALSE,TRUE,FALSE,FALSE
coderstrust.global/course/graphic-design-with-ai/,https://jobready.global/course/graphic-design-with-ai-live-online-course/,301,FALSE,TRUE,FALSE,FALSE
coderstrust.global/course/graphic-design-with-ai/feed/,https://jobready.global/course/graphic-design-with-ai-live-online-course/,301,FALSE,TRUE,FALSE,FALSE
coderstrust.global/course/graphics-design-for-kids/,https://jobready.global/course/graphics-design-for-kids-live-online-course/,301,FALSE,TRUE,FALSE,FALSE
coderstrust.global/course/graphics-design-for-kids/feed/,https://jobready.global/course/graphics-design-for-kids-live-online-course/,301,FALSE,TRUE,FALSE,FALSE
coderstrust.global/course/information-communication-technology/,https://coderstrust.global/nu-postgraduate-diploma/ict/,301,FALSE,TRUE,FALSE,FALSE
coderstrust.global/course/information-communication-technology/feed/,https://coderstrust.global/nu-postgraduate-diploma/ict/,301,FALSE,TRUE,FALSE,FALSE
coderstrust.global/course/introduction-to-robotics/,https://jobready.global/course/introduction-to-robotics-on-campus-course/,301,FALSE,TRUE,FALSE,FALSE
coderstrust.global/course/introduction-to-robotics/feed/,https://jobready.global/course/introduction-to-robotics-on-campus-course/,301,FALSE,TRUE,FALSE,FALSE
coderstrust.global/course/jlpt-n5-japanese-language/,https://jobready.global/courses/,301,FALSE,TRUE,FALSE,FALSE
coderstrust.global/course/jlpt-n5-japanese-language/feed/,https://jobready.global/courses/,301,FALSE,TRUE,FALSE,FALSE
coderstrust.global/course/mastering-ai-with-prompt-engineering/,https://jobready.global/course/mastering-ai-with-prompt-engineering-live-online/,301,FALSE,TRUE,FALSE,FALSE
coderstrust.global/course/mastering-ai-with-prompt-engineering/feed/,https://jobready.global/course/mastering-ai-with-prompt-engineering-live-online/,301,FALSE,TRUE,FALSE,FALSE
coderstrust.global/course/mern-stack-development/,https://jobready.global/course/mern-stack-development-live-online-course/,301,FALSE,TRUE,FALSE,FALSE
coderstrust.global/course/mern-stack-development/feed/,https://jobready.global/course/mern-stack-development-live-online-course/,301,FALSE,TRUE,FALSE,FALSE
coderstrust.global/course/motion-graphics/,https://jobready.global/courses/,301,FALSE,TRUE,FALSE,FALSE
coderstrust.global/course/motion-graphics/feed/,https://jobready.global/courses/,301,FALSE,TRUE,FALSE,FALSE
coderstrust.global/course/professional-graphic-design/,https://jobready.global/courses/,301,FALSE,TRUE,FALSE,FALSE
coderstrust.global/course/professional-graphic-design/feed/,https://jobready.global/courses/,301,FALSE,TRUE,FALSE,FALSE
coderstrust.global/course/python-and-django/,https://jobready.global/course/python-and-django-live-online-course/,301,FALSE,TRUE,FALSE,FALSE
coderstrust.global/course/python-and-django/feed/,https://jobready.global/course/python-and-django-live-online-course/,301,FALSE,TRUE,FALSE,FALSE
coderstrust.global/course/react-js/,https://jobready.global/courses/,301,FALSE,TRUE,FALSE,FALSE
coderstrust.global/course/react-js/feed/,https://jobready.global/courses/,301,FALSE,TRUE,FALSE,FALSE
coderstrust.global/course/ui-ux-design-with-figma/,https://jobready.global/courses/,301,FALSE,TRUE,FALSE,FALSE
coderstrust.global/course/ui-ux-design-with-figma/feed/,https://jobready.global/courses/,301,FALSE,TRUE,FALSE,FALSE
coderstrust.global/course/video-editing/,https://jobready.global/course/video-editing-live-online-course/,301,FALSE,TRUE,FALSE,FALSE
coderstrust.global/course/video-editing/feed/,https://jobready.global/course/video-editing-live-online-course/,301,FALSE,TRUE,FALSE,FALSE
coderstrust.global/courses/,https://jobready.global/courses/,301,FALSE,TRUE,FALSE,FALSE
coderstrust.global/courses/all-courses/,https://jobready.global/courses/,301,FALSE,TRUE,FALSE,FALSE
coderstrust.global/courses/all-courses/2/,https://jobready.global/courses/,301,FALSE,TRUE,FALSE,FALSE
coderstrust.global/courses/all-courses/3/,https://jobready.global/courses/,301,FALSE,TRUE,FALSE,FALSE
coderstrust.global/courses/all-courses/4/,https://jobready.global/courses/,301,FALSE,TRUE,FALSE,FALSE
coderstrust.global/courses/all-courses/5/,https://jobready.global/courses/,301,FALSE,TRUE,FALSE,FALSE
coderstrust.global/courses/cloud-devops-courses/,https://jobready.global/course-category/professional-certification/cloud-and-devops/,301,FALSE,TRUE,FALSE,FALSE
coderstrust.global/courses/digital-business/,https://jobready.global/course-category/professional-skills/digital-marketing/,301,FALSE,TRUE,FALSE,FALSE
coderstrust.global/courses/digital-operations/,https://jobready.global/course-category/professional-certification/digital-enterprise/,301,FALSE,TRUE,FALSE,FALSE
coderstrust.global/courses/software-development/,https://jobready.global/course-category/professional-certification/software-development/,301,FALSE,TRUE,FALSE,FALSE
coderstrust.global/digital-career-skills-courses/,https://jobready.global/professional-skills/,301,FALSE,TRUE,FALSE,FALSE
coderstrust.global/empowering-women-in-digital-economy-certificate-giving-ceremony-by-coderstrust-with-joyeeta-foundation/,https://coderstrust.global/news/empowering-women-in-digital-economy-certificate-giving-ceremony-by-coderstrust-with-joyeeta-foundation/,301,FALSE,TRUE,FALSE,FALSE
coderstrust.global/empowering-women-in-digital-economy-certificate-giving-ceremony-by-coderstrust-with-joyeeta-foundation/feed/,https://coderstrust.global/news/empowering-women-in-digital-economy-certificate-giving-ceremony-by-coderstrust-with-joyeeta-foundation/,301,FALSE,TRUE,FALSE,FALSE
coderstrust.global/endorsements/dr-juan-carlos-sainz-borgo/,https://coderstrust.global/about/recognition/#endorsements,301,FALSE,TRUE,FALSE,FALSE
coderstrust.global/endorsements/h-e-winnie-estrup-petersen/,https://coderstrust.global/about/recognition/#endorsements,301,FALSE,TRUE,FALSE,FALSE
coderstrust.global/endorsements/james-gardiner/,https://coderstrust.global/about/recognition/#endorsements,301,FALSE,TRUE,FALSE,FALSE
coderstrust.global/endorsements/melissa-mannis/,https://coderstrust.global/about/recognition/#endorsements,301,FALSE,TRUE,FALSE,FALSE
coderstrust.global/featured-media/5-companies-making-a-splash-for-a-better-world/,https://coderstrust.global/about/recognition/#coverage,301,FALSE,TRUE,FALSE,FALSE
coderstrust.global/featured-media/a-novel-idea-in-microfinance-is-turning-bangladeshis-into-freelance-coders/,https://coderstrust.global/about/recognition/#coverage,301,FALSE,TRUE,FALSE,FALSE
coderstrust.global/featured-media/bangladesh-new-york-pursue-different-paths-to-train-more-coders/,https://coderstrust.global/about/recognition/#coverage,301,FALSE,TRUE,FALSE,FALSE
coderstrust.global/featured-media/building-code-to-break-poverty-in-bangladesh/,https://coderstrust.global/about/recognition/#coverage,301,FALSE,TRUE,FALSE,FALSE
coderstrust.global/featured-media/coderstrust-brings-discovery-education-global-leader-of-stem-education-to-bangladesh/,https://coderstrust.global/about/recognition/#coverage,301,FALSE,TRUE,FALSE,FALSE
coderstrust.global/featured-media/coderstrust-to-finance-brains-to-educate-it-coders/,https://coderstrust.global/about/recognition/#coverage,301,FALSE,TRUE,FALSE,FALSE
coderstrust.global/featured-media/cook-to-coder-how-low-income-youth-are-writing-a-better-future/,https://coderstrust.global/about/recognition/#coverage,301,FALSE,TRUE,FALSE,FALSE
coderstrust.global/featured-media/kosovos-women-go-wow-online-and-working/,https://coderstrust.global/about/recognition/#coverage,301,FALSE,TRUE,FALSE,FALSE
coderstrust.global/featured-media/lorem-ipsumlorem-ipsumlorem-ipsum-2/,https://coderstrust.global/about/recognition/,301,FALSE,TRUE,FALSE,FALSE
coderstrust.global/featured-media/startup-aims-to-boost-number-of-qualified-it-workers/,https://coderstrust.global/about/recognition/#coverage,301,FALSE,TRUE,FALSE,FALSE
coderstrust.global/feed/,https://coderstrust.global/news/,301,FALSE,TRUE,FALSE,FALSE
coderstrust.global/ferdinand-kjaerulff/,https://coderstrust.global/about/team/ferdinand-kjaerulff/,301,FALSE,TRUE,FALSE,FALSE
coderstrust.global/footer/main-footer/,https://coderstrust.global/,301,FALSE,TRUE,FALSE,FALSE
coderstrust.global/gardinar-emphasizes-skill-development-and-access-for-bangladeshis-to-us-digital-platform/,https://coderstrust.global/news/gardinar-emphasizes-skill-development-and-access-for-bangladeshis-to-us-digital-platform/,301,FALSE,TRUE,FALSE,FALSE
coderstrust.global/gardinar-emphasizes-skill-development-and-access-for-bangladeshis-to-us-digital-platform/feed/,https://coderstrust.global/news/gardinar-emphasizes-skill-development-and-access-for-bangladeshis-to-us-digital-platform/,301,FALSE,TRUE,FALSE,FALSE
coderstrust.global/harnessing-socio-technology-for-positive-impact-and-unity-globally/,https://coderstrust.global/news/harnessing-socio-technology-for-positive-impact-and-unity-globally/,301,FALSE,TRUE,FALSE,FALSE
coderstrust.global/harnessing-socio-technology-for-positive-impact-and-unity-globally/feed/,https://coderstrust.global/news/harnessing-socio-technology-for-positive-impact-and-unity-globally/,301,FALSE,TRUE,FALSE,FALSE
coderstrust.global/header/header-1-mobile/,https://coderstrust.global/,301,FALSE,TRUE,FALSE,FALSE
coderstrust.global/header/header-2/,https://coderstrust.global/,301,FALSE,TRUE,FALSE,FALSE
coderstrust.global/job-category/,https://coderstrust.global/careers/,301,FALSE,TRUE,FALSE,FALSE
coderstrust.global/job-category/accountant-finance/,https://coderstrust.global/careers/,301,FALSE,TRUE,FALSE,FALSE
coderstrust.global/job-category/accountant-finance/feed/,https://coderstrust.global/careers/,301,FALSE,TRUE,FALSE,FALSE
coderstrust.global/job-category/creative_media/,https://coderstrust.global/careers/,301,FALSE,TRUE,FALSE,FALSE
coderstrust.global/job-category/creative_media/feed/,https://coderstrust.global/careers/,301,FALSE,TRUE,FALSE,FALSE
coderstrust.global/job-category/digital-marketing/,https://coderstrust.global/careers/,301,FALSE,TRUE,FALSE,FALSE
coderstrust.global/job-category/digital-marketing/feed/,https://coderstrust.global/careers/,301,FALSE,TRUE,FALSE,FALSE
coderstrust.global/job-category/graphics-design/,https://coderstrust.global/careers/,301,FALSE,TRUE,FALSE,FALSE
coderstrust.global/job-category/it/,https://coderstrust.global/careers/,301,FALSE,TRUE,FALSE,FALSE
coderstrust.global/job-category/management/,https://coderstrust.global/careers/,301,FALSE,TRUE,FALSE,FALSE
coderstrust.global/job-category/management/feed/,https://coderstrust.global/careers/,301,FALSE,TRUE,FALSE,FALSE
coderstrust.global/job-category/marketing-sales/,https://coderstrust.global/careers/,301,FALSE,TRUE,FALSE,FALSE
coderstrust.global/job-category/marketing-sales/feed/,https://coderstrust.global/careers/,301,FALSE,TRUE,FALSE,FALSE
coderstrust.global/job-category/mentors/,https://coderstrust.global/careers/,301,FALSE,TRUE,FALSE,FALSE
coderstrust.global/job-category/mentors/feed/,https://coderstrust.global/careers/,301,FALSE,TRUE,FALSE,FALSE
coderstrust.global/job-category/operations/,https://coderstrust.global/careers/,301,FALSE,TRUE,FALSE,FALSE
coderstrust.global/job-category/operations/feed/,https://coderstrust.global/careers/,301,FALSE,TRUE,FALSE,FALSE
coderstrust.global/job-category/project-management/,https://coderstrust.global/careers/,301,FALSE,TRUE,FALSE,FALSE
coderstrust.global/job-category/software-engineering/,https://coderstrust.global/careers/,301,FALSE,TRUE,FALSE,FALSE
coderstrust.global/job-category/software-engineering/feed/,https://coderstrust.global/careers/,301,FALSE,TRUE,FALSE,FALSE
coderstrust.global/job-category/training-development/,https://coderstrust.global/careers/,301,FALSE,TRUE,FALSE,FALSE
coderstrust.global/job-category/training-development/feed/,https://coderstrust.global/careers/,301,FALSE,TRUE,FALSE,FALSE
coderstrust.global/jobs/,https://coderstrust.global/careers/,301,FALSE,TRUE,FALSE,FALSE
coderstrust.global/jobs/associate-manager-pr-communications/,https://coderstrust.global/careers/,301,FALSE,TRUE,FALSE,FALSE
coderstrust.global/jobs/associate-sr-associate-content-development-and-demand-generation/,https://coderstrust.global/careers/,301,FALSE,TRUE,FALSE,FALSE
coderstrust.global/jobs/chief-revenue-officer-cro/,https://coderstrust.global/careers/,301,FALSE,TRUE,FALSE,FALSE
coderstrust.global/jobs/cinematographer-videographer-editor/,https://coderstrust.global/careers/,301,FALSE,TRUE,FALSE,FALSE
coderstrust.global/jobs/executive-student-affairs/,https://coderstrust.global/careers/,301,FALSE,TRUE,FALSE,FALSE
coderstrust.global/jobs/frontend-developer-wordpress-woocommerce-shopify/,https://coderstrust.global/careers/,301,FALSE,TRUE,FALSE,FALSE
coderstrust.global/jobs/head-of-business-development-and-sales-workforce-development-and-corporate-training-solutions/,https://coderstrust.global/careers/,301,FALSE,TRUE,FALSE,FALSE
coderstrust.global/jobs/interactive-animator/,https://coderstrust.global/careers/,301,FALSE,TRUE,FALSE,FALSE
coderstrust.global/jobs/intern-business-development/,https://coderstrust.global/careers/,301,FALSE,TRUE,FALSE,FALSE
coderstrust.global/jobs/job-intern-grant-marketing-proposals-and-content-writer/,https://coderstrust.global/careers/,301,FALSE,TRUE,FALSE,FALSE
coderstrust.global/jobs/job-sr-manager-marketing-and-sales-corporate-training-and-employment/,https://coderstrust.global/careers/,301,FALSE,TRUE,FALSE,FALSE
coderstrust.global/jobs/management-trainee-training-excellence-customer-success/,https://coderstrust.global/careers/,301,FALSE,TRUE,FALSE,FALSE
coderstrust.global/jobs/manager-digital-marketing/,https://coderstrust.global/careers/,301,FALSE,TRUE,FALSE,FALSE
coderstrust.global/jobs/mentor-coding-stem/,https://coderstrust.global/careers/,301,FALSE,TRUE,FALSE,FALSE
coderstrust.global/jobs/mentor-for-mern-stack-course/,https://coderstrust.global/careers/,301,FALSE,TRUE,FALSE,FALSE
coderstrust.global/jobs/mentor-instructor-cybersecurity/,https://coderstrust.global/careers/,301,FALSE,TRUE,FALSE,FALSE
coderstrust.global/jobs/mentor-maths-stem/,https://coderstrust.global/careers/,301,FALSE,TRUE,FALSE,FALSE
coderstrust.global/jobs/mentor-robotics-stem/,https://coderstrust.global/careers/,301,FALSE,TRUE,FALSE,FALSE
coderstrust.global/jobs/mentor-science-stem/,https://coderstrust.global/careers/,301,FALSE,TRUE,FALSE,FALSE
coderstrust.global/jobs/page/2/,https://coderstrust.global/careers/,301,FALSE,TRUE,FALSE,FALSE
coderstrust.global/jobs/senior-executive-job-placement/,https://coderstrust.global/careers/,301,FALSE,TRUE,FALSE,FALSE
coderstrust.global/jobs/senior-manager-accounts-and-finance/,https://coderstrust.global/careers/,301,FALSE,TRUE,FALSE,FALSE
coderstrust.global/jobs/sr-associate-associate-manager-talent-acquisition/,https://coderstrust.global/careers/,301,FALSE,TRUE,FALSE,FALSE
coderstrust.global/jobs/sr-creative-video-editor/,https://coderstrust.global/careers/,301,FALSE,TRUE,FALSE,FALSE
coderstrust.global/jobs/sr-manager-business-development-and-sales-ctg/,https://coderstrust.global/careers/,301,FALSE,TRUE,FALSE,FALSE
coderstrust.global/jobs/sr-manager-global-marketing-and-sales-corporate-training/,https://coderstrust.global/careers/,301,FALSE,TRUE,FALSE,FALSE
coderstrust.global/jobs/sr-manager-global-marketing-and-sales-training-and-talent-solutions/,https://coderstrust.global/careers/,301,FALSE,TRUE,FALSE,FALSE
coderstrust.global/jobs/sr-manager-head-of-business-development-workforce-development-solutions/,https://coderstrust.global/careers/,301,FALSE,TRUE,FALSE,FALSE
coderstrust.global/jobs/sr-manager-head-of-global-sales-and-marketing/,https://coderstrust.global/careers/,301,FALSE,TRUE,FALSE,FALSE
coderstrust.global/jobs/sr-manager-marketing-and-sales-b2c-training/,https://coderstrust.global/careers/,301,FALSE,TRUE,FALSE,FALSE
coderstrust.global/jobs/sr-manager-marketing-and-sales-superkids/,https://coderstrust.global/careers/,301,FALSE,TRUE,FALSE,FALSE
coderstrust.global/jobs/sr-manager-training-excellence-customer-success/,https://coderstrust.global/careers/,301,FALSE,TRUE,FALSE,FALSE
coderstrust.global/jobs/systems-administrator/,https://coderstrust.global/careers/,301,FALSE,TRUE,FALSE,FALSE
coderstrust.global/jobs/tech-lead-php-wordpress-woocommerce-shopify/,https://coderstrust.global/careers/,301,FALSE,TRUE,FALSE,FALSE
coderstrust.global/join-us/,https://coderstrust.global/careers/,301,FALSE,TRUE,FALSE,FALSE
coderstrust.global/join-us/2/,https://coderstrust.global/careers/,301,FALSE,TRUE,FALSE,FALSE
coderstrust.global/join-us/3/,https://coderstrust.global/careers/,301,FALSE,TRUE,FALSE,FALSE
coderstrust.global/latest-courses/,https://jobready.global/courses/,301,FALSE,TRUE,FALSE,FALSE
coderstrust.global/list-of-courses/,https://jobready.global/courses/,301,FALSE,TRUE,FALSE,FALSE
coderstrust.global/mentor-category/accounts-management-system/,https://coderstrust.global/about/mentors/,301,FALSE,TRUE,FALSE,FALSE
coderstrust.global/mentor-category/accounts-management-system/feed/,https://coderstrust.global/about/mentors/,301,FALSE,TRUE,FALSE,FALSE
coderstrust.global/mentor-category/advanced-excel/,https://coderstrust.global/about/mentors/,301,FALSE,TRUE,FALSE,FALSE
coderstrust.global/mentor-category/advanced-excel/feed/,https://coderstrust.global/about/mentors/,301,FALSE,TRUE,FALSE,FALSE
coderstrust.global/mentor-category/ai-engineer/,https://coderstrust.global/about/mentors/,301,FALSE,TRUE,FALSE,FALSE
coderstrust.global/mentor-category/ai-engineer/feed/,https://coderstrust.global/about/mentors/,301,FALSE,TRUE,FALSE,FALSE
coderstrust.global/mentor-category/content-writing/,https://coderstrust.global/about/mentors/,301,FALSE,TRUE,FALSE,FALSE
coderstrust.global/mentor-category/content-writing/feed/,https://coderstrust.global/about/mentors/,301,FALSE,TRUE,FALSE,FALSE
coderstrust.global/mentor-category/digital-marketing/,https://coderstrust.global/about/mentors/,301,FALSE,TRUE,FALSE,FALSE
coderstrust.global/mentor-category/digital-marketing/feed/,https://coderstrust.global/about/mentors/,301,FALSE,TRUE,FALSE,FALSE
coderstrust.global/mentor-category/graphics-design/,https://coderstrust.global/about/mentors/,301,FALSE,TRUE,FALSE,FALSE
coderstrust.global/mentor-category/graphics-design/feed/,https://coderstrust.global/about/mentors/,301,FALSE,TRUE,FALSE,FALSE
coderstrust.global/mentor-category/ielts/,https://coderstrust.global/about/mentors/,301,FALSE,TRUE,FALSE,FALSE
coderstrust.global/mentor-category/ielts/feed/,https://coderstrust.global/about/mentors/,301,FALSE,TRUE,FALSE,FALSE
coderstrust.global/mentor-category/video-editing/,https://coderstrust.global/about/mentors/,301,FALSE,TRUE,FALSE,FALSE
coderstrust.global/mentor-category/video-editing/feed/,https://coderstrust.global/about/mentors/,301,FALSE,TRUE,FALSE,FALSE
coderstrust.global/mentor-category/web-development/,https://coderstrust.global/about/mentors/,301,FALSE,TRUE,FALSE,FALSE
coderstrust.global/mentor-category/web-development/feed/,https://coderstrust.global/about/mentors/,301,FALSE,TRUE,FALSE,FALSE
coderstrust.global/mentor/,https://coderstrust.global/about/mentors/,301,FALSE,TRUE,FALSE,FALSE
coderstrust.global/mentor/ashikur-rahman/,https://coderstrust.global/about/mentors/,301,FALSE,TRUE,FALSE,FALSE
coderstrust.global/mentor/khandoker-almas-uddin/,https://coderstrust.global/about/mentors/,301,FALSE,TRUE,FALSE,FALSE
coderstrust.global/mentor/md-abdur-rashid/,https://coderstrust.global/about/mentors/,301,FALSE,TRUE,FALSE,FALSE
coderstrust.global/mentor/md-hazrat-ali-nahid/,https://coderstrust.global/about/mentors/,301,FALSE,TRUE,FALSE,FALSE
coderstrust.global/mentor/md-selim-sheikh/,https://coderstrust.global/about/mentors/,301,FALSE,TRUE,FALSE,FALSE
coderstrust.global/mentor/md-sharif-hossain/,https://coderstrust.global/about/mentors/,301,FALSE,TRUE,FALSE,FALSE
coderstrust.global/mentor/md-towfiqur-rahman/,https://coderstrust.global/about/mentors/,301,FALSE,TRUE,FALSE,FALSE
coderstrust.global/mentor/papiya-nabi/,https://coderstrust.global/about/mentors/,301,FALSE,TRUE,FALSE,FALSE
coderstrust.global/mentor/rezaul-karim-khan/,https://coderstrust.global/about/mentors/,301,FALSE,TRUE,FALSE,FALSE
coderstrust.global/mentor/salma-aktar-suma/,https://coderstrust.global/about/mentors/,301,FALSE,TRUE,FALSE,FALSE
coderstrust.global/mentor/sandipan-chowdhury/,https://coderstrust.global/about/mentors/,301,FALSE,TRUE,FALSE,FALSE
coderstrust.global/mentor/sanjida-rahman/,https://coderstrust.global/about/mentors/,301,FALSE,TRUE,FALSE,FALSE
coderstrust.global/mentor/sheikh-sakibul-hasan/,https://coderstrust.global/about/mentors/,301,FALSE,TRUE,FALSE,FALSE
coderstrust.global/mentor/sujon-kumar-dey/,https://coderstrust.global/about/mentors/,301,FALSE,TRUE,FALSE,FALSE
coderstrust.global/mentor/suntaiya-islam-shila/,https://coderstrust.global/about/mentors/,301,FALSE,TRUE,FALSE,FALSE
coderstrust.global/mentors/,https://coderstrust.global/about/mentors/,301,FALSE,TRUE,FALSE,FALSE
coderstrust.global/mou-signed-between-bangladesh-petroleum-institute-bpi-and-coderstrust/,https://coderstrust.global/news/mou-signed-between-bangladesh-petroleum-institute-bpi-and-coderstrust/,301,FALSE,TRUE,FALSE,FALSE
coderstrust.global/mou-signed-between-bangladesh-petroleum-institute-bpi-and-coderstrust/feed/,https://coderstrust.global/news/mou-signed-between-bangladesh-petroleum-institute-bpi-and-coderstrust/,301,FALSE,TRUE,FALSE,FALSE
coderstrust.global/mou-signing-ceremony-between-north-south-university-coderstrust/,https://coderstrust.global/news/mou-signing-ceremony-between-north-south-university-coderstrust/,301,FALSE,TRUE,FALSE,FALSE
coderstrust.global/mou-signing-ceremony-between-north-south-university-coderstrust/feed/,https://coderstrust.global/news/mou-signing-ceremony-between-north-south-university-coderstrust/,301,FALSE,TRUE,FALSE,FALSE
coderstrust.global/nationwide/,https://coderstrust.global/programs/nationwide/,301,FALSE,TRUE,FALSE,FALSE
coderstrust.global/news/page/2/,https://coderstrust.global/news/,301,FALSE,TRUE,FALSE,FALSE
coderstrust.global/news/page/3/,https://coderstrust.global/news/,301,FALSE,TRUE,FALSE,FALSE
coderstrust.global/news/page/4/,https://coderstrust.global/news/,301,FALSE,TRUE,FALSE,FALSE
coderstrust.global/news/page/5/,https://coderstrust.global/news/,301,FALSE,TRUE,FALSE,FALSE
coderstrust.global/next-generation-skills-courses/big-data-hadoop-and-spark-developer-course/,https://jobready.global/courses/,301,FALSE,TRUE,FALSE,FALSE
coderstrust.global/next-generation-skills-courses/test/,https://jobready.global/courses/,301,FALSE,TRUE,FALSE,FALSE
coderstrust.global/next-generation-skills/,https://jobready.global/professional-certification/,301,FALSE,TRUE,FALSE,FALSE
coderstrust.global/next-generation-skills/artificial-intelligence/,https://jobready.global/course-category/professional-certification/artificial-intelligence/,301,FALSE,TRUE,FALSE,FALSE
coderstrust.global/next-generation-skills/big-data/,https://jobready.global/course-category/professional-certification/data-analysis/,301,FALSE,TRUE,FALSE,FALSE
coderstrust.global/next-generation-skills/blockchain/,https://jobready.global/professional-certification/,301,FALSE,TRUE,FALSE,FALSE
coderstrust.global/next-generation-skills/cloud-computing/,https://jobready.global/course-category/professional-certification/cloud-and-devops/,301,FALSE,TRUE,FALSE,FALSE
coderstrust.global/next-generation-skills/cybersecurity/,https://jobready.global/course-category/professional-certification/security/,301,FALSE,TRUE,FALSE,FALSE
coderstrust.global/next-generation-skills/devops/,https://jobready.global/course-category/professional-certification/cloud-and-devops/,301,FALSE,TRUE,FALSE,FALSE
coderstrust.global/ngs-category-page-new-layout/,https://jobready.global/,301,FALSE,TRUE,FALSE,FALSE
coderstrust.global/page/2/,https://coderstrust.global/news/,301,FALSE,TRUE,FALSE,FALSE
coderstrust.global/page/3/,https://coderstrust.global/news/,301,FALSE,TRUE,FALSE,FALSE
coderstrust.global/page/4/,https://coderstrust.global/news/,301,FALSE,TRUE,FALSE,FALSE
coderstrust.global/page/5/,https://coderstrust.global/news/,301,FALSE,TRUE,FALSE,FALSE
coderstrust.global/payment-methods/,https://jobready.global/,301,FALSE,TRUE,FALSE,FALSE
coderstrust.global/product/digital-marketing/,https://jobready.global/courses/,301,FALSE,TRUE,FALSE,FALSE
coderstrust.global/product/graphic-design/,https://jobready.global/courses/,301,FALSE,TRUE,FALSE,FALSE
coderstrust.global/product/responsive-web-design/,https://jobready.global/courses/,301,FALSE,TRUE,FALSE,FALSE
coderstrust.global/project/yes-project/,https://coderstrust.global/impact/case-studies/undp-yes-korail/,301,FALSE,TRUE,FALSE,FALSE
coderstrust.global/registration-form/,https://jobready.global/,301,FALSE,TRUE,FALSE,FALSE
coderstrust.global/students-success-sto/a-b-m-mahir-absar/,https://coderstrust.global/impact/stories/,301,FALSE,TRUE,FALSE,FALSE
coderstrust.global/students-success-sto/ashraful-alam-sani/,https://coderstrust.global/impact/stories/,301,FALSE,TRUE,FALSE,FALSE
coderstrust.global/students-success-sto/bristy-bagchi/,https://coderstrust.global/impact/stories/,301,FALSE,TRUE,FALSE,FALSE
coderstrust.global/students-success-sto/joty-akter/,https://coderstrust.global/impact/stories/,301,FALSE,TRUE,FALSE,FALSE
coderstrust.global/students-success-sto/md-maruf-hossain/,https://coderstrust.global/impact/stories/,301,FALSE,TRUE,FALSE,FALSE
coderstrust.global/students-success-sto/samia-alam/,https://coderstrust.global/impact/stories/,301,FALSE,TRUE,FALSE,FALSE
coderstrust.global/students-success-sto/sonya-talukder/,https://coderstrust.global/impact/stories/,301,FALSE,TRUE,FALSE,FALSE
coderstrust.global/students-success-sto/tushar/,https://coderstrust.global/impact/stories/,301,FALSE,TRUE,FALSE,FALSE
coderstrust.global/superkids/,https://coderstrust.global/programs/superkids/,301,FALSE,TRUE,FALSE,FALSE
coderstrust.global/tag/aziz-ahmad/,https://coderstrust.global/news/,301,FALSE,TRUE,FALSE,FALSE
coderstrust.global/tag/aziz-ahmad/feed/,https://coderstrust.global/news/,301,FALSE,TRUE,FALSE,FALSE
coderstrust.global/tag/aziz-ahmad/page/2/,https://coderstrust.global/news/,301,FALSE,TRUE,FALSE,FALSE
coderstrust.global/tag/corporate-training/,https://coderstrust.global/news/,301,FALSE,TRUE,FALSE,FALSE
coderstrust.global/tag/featured-news/,https://coderstrust.global/news/,301,FALSE,TRUE,FALSE,FALSE
coderstrust.global/tag/featured-news/feed/,https://coderstrust.global/news/,301,FALSE,TRUE,FALSE,FALSE
coderstrust.global/tag/holoniq/,https://coderstrust.global/news/,301,FALSE,TRUE,FALSE,FALSE
coderstrust.global/tag/k-12-education/,https://coderstrust.global/news/,301,FALSE,TRUE,FALSE,FALSE
coderstrust.global/tag/latest-news/,https://coderstrust.global/news/,301,FALSE,TRUE,FALSE,FALSE
coderstrust.global/tag/latest-news/feed/,https://coderstrust.global/news/,301,FALSE,TRUE,FALSE,FALSE
coderstrust.global/tag/latest-news/page/2/,https://coderstrust.global/news/,301,FALSE,TRUE,FALSE,FALSE
coderstrust.global/tag/mou-signing/,https://coderstrust.global/news/,301,FALSE,TRUE,FALSE,FALSE
coderstrust.global/tag/mou-signing/feed/,https://coderstrust.global/news/,301,FALSE,TRUE,FALSE,FALSE
coderstrust.global/tag/nationwide/,https://coderstrust.global/news/,301,FALSE,TRUE,FALSE,FALSE
coderstrust.global/tag/news-and-events/,https://coderstrust.global/news/,301,FALSE,TRUE,FALSE,FALSE
coderstrust.global/tag/roundtable/,https://coderstrust.global/news/,301,FALSE,TRUE,FALSE,FALSE
coderstrust.global/tag/roundtable/feed/,https://coderstrust.global/news/,301,FALSE,TRUE,FALSE,FALSE
coderstrust.global/tag/signing/,https://coderstrust.global/news/,301,FALSE,TRUE,FALSE,FALSE
coderstrust.global/tag/signing/feed/,https://coderstrust.global/news/,301,FALSE,TRUE,FALSE,FALSE
coderstrust.global/tag/south-asia-edtech/,https://coderstrust.global/news/,301,FALSE,TRUE,FALSE,FALSE
coderstrust.global/tag/third-gender-training/,https://coderstrust.global/news/,301,FALSE,TRUE,FALSE,FALSE
coderstrust.global/tag/u-s-embassy/,https://coderstrust.global/news/,301,FALSE,TRUE,FALSE,FALSE
coderstrust.global/tag/u-s-embassy/feed/,https://coderstrust.global/news/,301,FALSE,TRUE,FALSE,FALSE
coderstrust.global/tag/upeace/,https://coderstrust.global/news/,301,FALSE,TRUE,FALSE,FALSE
coderstrust.global/tag/upeace/feed/,https://coderstrust.global/news/,301,FALSE,TRUE,FALSE,FALSE
coderstrust.global/talentleap/,https://coderstrust.global/our-model/talentleap/,301,FALSE,TRUE,FALSE,FALSE
coderstrust.global/team-category/core-team/,https://coderstrust.global/about/team/,301,FALSE,TRUE,FALSE,FALSE
coderstrust.global/team-category/founder-advisors/,https://coderstrust.global/about/team/,301,FALSE,TRUE,FALSE,FALSE
coderstrust.global/team-member/adbul-karim/,https://coderstrust.global/about/team/abdul-karim/,301,FALSE,TRUE,FALSE,FALSE
coderstrust.global/team-member/aziz-ahmad/,https://coderstrust.global/about/team/aziz-ahmad/,301,FALSE,TRUE,FALSE,FALSE
coderstrust.global/team-member/faruque-hossain/,https://coderstrust.global/about/team/faruque-hossain/,301,FALSE,TRUE,FALSE,FALSE
coderstrust.global/team-member/h-m-asad-uz-zaman/,https://coderstrust.global/about/team/asad-zaman/,301,FALSE,TRUE,FALSE,FALSE
coderstrust.global/team-member/mahzabin-akter/,https://coderstrust.global/about/team/mahzabin-akter/,301,FALSE,TRUE,FALSE,FALSE
coderstrust.global/team-member/md-fahim-sheikh/,https://coderstrust.global/about/team/fahim-sheikh/,301,FALSE,TRUE,FALSE,FALSE
coderstrust.global/team-member/md-hazrat-ali-nahid/,https://coderstrust.global/about/team/hazrat-ali-nahid/,301,FALSE,TRUE,FALSE,FALSE
coderstrust.global/team-member/md-zahurul-islam/,https://coderstrust.global/about/team/zahurul-islam/,301,FALSE,TRUE,FALSE,FALSE
coderstrust.global/team-member/mohammad-mahdee-uz-zaman/,https://coderstrust.global/about/team/mahdee-zaman/,301,FALSE,TRUE,FALSE,FALSE
coderstrust.global/team-member/rezaul-karim-khan/,https://coderstrust.global/about/team/rezaul-karim-khan/,301,FALSE,TRUE,FALSE,FALSE
coderstrust.global/team-member/shafqat-ullah/,https://coderstrust.global/about/team/shafqat-ullah/,301,FALSE,TRUE,FALSE,FALSE
coderstrust.global/team-member/shamsul-haque/,https://coderstrust.global/about/team/shamsul-haque/,301,FALSE,TRUE,FALSE,FALSE
coderstrust.global/team/,https://coderstrust.global/about/team/,301,FALSE,TRUE,FALSE,FALSE
coderstrust.global/testcase/,https://coderstrust.global/,301,FALSE,TRUE,FALSE,FALSE
coderstrust.global/testcase/test-1/,https://coderstrust.global/,301,FALSE,TRUE,FALSE,FALSE
coderstrust.global/the-future-building-a-digital-factory-for-bangladesh/,https://coderstrust.global/news/the-future-building-a-digital-factory-for-bangladesh/,301,FALSE,TRUE,FALSE,FALSE
coderstrust.global/the-future-building-a-digital-factory-for-bangladesh/feed/,https://coderstrust.global/news/the-future-building-a-digital-factory-for-bangladesh/,301,FALSE,TRUE,FALSE,FALSE
coderstrust.global/the-man-behind-coderstrust-who-never-forgot-his-roots/,https://coderstrust.global/news/the-man-behind-coderstrust-who-never-forgot-his-roots/,301,FALSE,TRUE,FALSE,FALSE
coderstrust.global/the-man-behind-coderstrust-who-never-forgot-his-roots/feed/,https://coderstrust.global/news/the-man-behind-coderstrust-who-never-forgot-his-roots/,301,FALSE,TRUE,FALSE,FALSE
coderstrust.global/trainee-testimonials/adrian-afraham/,https://coderstrust.global/impact/stories/,301,FALSE,TRUE,FALSE,FALSE
coderstrust.global/trainee-testimonials/arfias-islam-rudro/,https://coderstrust.global/impact/stories/,301,FALSE,TRUE,FALSE,FALSE
coderstrust.global/trainee-testimonials/asraful-alam-sany/,https://coderstrust.global/impact/stories/,301,FALSE,TRUE,FALSE,FALSE
coderstrust.global/trainee-testimonials/aysha-akter-bipasha/,https://coderstrust.global/impact/stories/,301,FALSE,TRUE,FALSE,FALSE
coderstrust.global/trainee-testimonials/mehedi-hasan-shakil/,https://coderstrust.global/impact/stories/,301,FALSE,TRUE,FALSE,FALSE
coderstrust.global/trainee-testimonials/mustafa-zabed/,https://coderstrust.global/impact/stories/,301,FALSE,TRUE,FALSE,FALSE
coderstrust.global/trainee-testimonials/mysha-k-diya/,https://coderstrust.global/impact/stories/,301,FALSE,TRUE,FALSE,FALSE
coderstrust.global/trainee-testimonials/nushrat-jahan/,https://coderstrust.global/impact/stories/,301,FALSE,TRUE,FALSE,FALSE
coderstrust.global/trainee-testimonials/zarin-tusnim-shifa/,https://coderstrust.global/impact/stories/,301,FALSE,TRUE,FALSE,FALSE
coderstrust.global/why-we-call-it-a-digital-factory/,https://coderstrust.global/news/why-we-call-it-a-digital-factory/,301,FALSE,TRUE,FALSE,FALSE
coderstrust.global/why-we-call-it-a-digital-factory/feed/,https://coderstrust.global/news/why-we-call-it-a-digital-factory/,301,FALSE,TRUE,FALSE,FALSE
coderstrust.global/workforce-development/,https://coderstrust.global/partner-with-us/development-partners/,301,FALSE,TRUE,FALSE,FALSE
coderstrust.global/wp-content/uploads/2017/02/UNDP-Korail-561x456.png,https://coderstrust.global/,301,FALSE,TRUE,FALSE,FALSE
coderstrust.global/wp-content/uploads/2017/02/UNDP-Korail-970x457.png,https://coderstrust.global/impact/case-studies/undp-yes-korail/,301,FALSE,TRUE,FALSE,FALSE
coderstrust.global/wp-content/uploads/2017/02/UNDP-Korail.png,https://coderstrust.global/impact/case-studies/undp-yes-korail/,301,FALSE,TRUE,FALSE,FALSE
coderstrust.global/wp-content/uploads/2017/02/UNDP-Yes-Graph.png,https://coderstrust.global/impact/case-studies/undp-yes-korail/,301,FALSE,TRUE,FALSE,FALSE
coderstrust.global/wp-content/uploads/2017/02/Yes-Partner-Logos.png,https://coderstrust.global/impact/case-studies/undp-yes-korail/,301,FALSE,TRUE,FALSE,FALSE
coderstrust.global/wp-content/uploads/2021/05/coders_trust_7_1-1-561x456.jpg,https://coderstrust.global/,301,FALSE,TRUE,FALSE,FALSE
coderstrust.global/wp-content/uploads/2021/05/coders_trust_7_1-1-scaled.jpg,https://coderstrust.global/news/coderstrust-teaching-you-freelancing-the-right-way/,301,FALSE,TRUE,FALSE,FALSE
coderstrust.global/wp-content/uploads/2021/05/coders_trust_7_1-1.jpg,https://coderstrust.global/,301,FALSE,TRUE,FALSE,FALSE
coderstrust.global/wp-content/uploads/2022/02/CodersTrust-Logo-1024x140.png,https://coderstrust.global/nu-postgraduate-diploma/,301,FALSE,TRUE,FALSE,FALSE
coderstrust.global/wp-content/uploads/2022/02/CodersTrust-Logo-1536x210.png,https://coderstrust.global/,301,FALSE,TRUE,FALSE,FALSE
coderstrust.global/wp-content/uploads/2022/02/CodersTrust-Logo-2048x280.png,https://coderstrust.global/,301,FALSE,TRUE,FALSE,FALSE
coderstrust.global/wp-content/uploads/2022/02/CodersTrust-Logo-300x41.png,https://coderstrust.global/,301,FALSE,TRUE,FALSE,FALSE
coderstrust.global/wp-content/uploads/2022/02/CodersTrust-Logo-600x82.png,https://coderstrust.global/,301,FALSE,TRUE,FALSE,FALSE
coderstrust.global/wp-content/uploads/2022/02/CodersTrust-Logo-768x105.png,https://coderstrust.global/,301,FALSE,TRUE,FALSE,FALSE
coderstrust.global/wp-content/uploads/2022/02/CodersTrust-Logo.png,https://coderstrust.global/nu-postgraduate-diploma/,301,FALSE,TRUE,FALSE,FALSE
coderstrust.global/wp-content/uploads/2022/02/bw-generic-01.jpg,https://coderstrust.global/about/,301,FALSE,TRUE,FALSE,FALSE
coderstrust.global/wp-content/uploads/2022/02/bw-team-01.jpg,https://coderstrust.global/about/,301,FALSE,TRUE,FALSE,FALSE
coderstrust.global/wp-content/uploads/2022/02/bw-testi-01.jpg,https://coderstrust.global/about/,301,FALSE,TRUE,FALSE,FALSE
coderstrust.global/wp-content/uploads/2022/02/client-logo.png,https://coderstrust.global/about/,301,FALSE,TRUE,FALSE,FALSE
coderstrust.global/wp-content/uploads/2022/03/bw-fact-img-1.jpg,https://coderstrust.global/about/,301,FALSE,TRUE,FALSE,FALSE
coderstrust.global/wp-content/uploads/2022/04/CT-Symbol-Logo-100x100.png,https://coderstrust.global/,301,FALSE,TRUE,FALSE,FALSE
coderstrust.global/wp-content/uploads/2022/04/CT-Symbol-Logo-150x150.png,https://coderstrust.global/,301,FALSE,TRUE,FALSE,FALSE
coderstrust.global/wp-content/uploads/2022/04/CT-Symbol-Logo-70x70.png,https://coderstrust.global/,301,FALSE,TRUE,FALSE,FALSE
coderstrust.global/wp-content/uploads/2022/04/CT-Symbol-Logo.png,https://coderstrust.global/,301,FALSE,TRUE,FALSE,FALSE
coderstrust.global/wp-content/uploads/2022/04/bw-fact-img-2.jpg,https://coderstrust.global/about/,301,FALSE,TRUE,FALSE,FALSE
coderstrust.global/wp-content/uploads/2022/04/bw-fact-img-3.jpg,https://coderstrust.global/about/,301,FALSE,TRUE,FALSE,FALSE
coderstrust.global/wp-content/uploads/2022/04/bw-generic-02.jpg,https://coderstrust.global/about/,301,FALSE,TRUE,FALSE,FALSE
coderstrust.global/wp-content/uploads/2022/04/bw-team-02.jpg,https://coderstrust.global/about/,301,FALSE,TRUE,FALSE,FALSE
coderstrust.global/wp-content/uploads/2022/04/bw-team-03.jpg,https://coderstrust.global/about/,301,FALSE,TRUE,FALSE,FALSE
coderstrust.global/wp-content/uploads/2022/04/bw-team-04.jpg,https://coderstrust.global/about/,301,FALSE,TRUE,FALSE,FALSE
coderstrust.global/wp-content/uploads/2022/04/bw-testi-02.jpg,https://coderstrust.global/about/,301,FALSE,TRUE,FALSE,FALSE
coderstrust.global/wp-content/uploads/2022/04/bw-testi-03.jpg,https://coderstrust.global/about/,301,FALSE,TRUE,FALSE,FALSE
coderstrust.global/wp-content/uploads/2022/05/bw-fact-img-4.jpg,https://coderstrust.global/about/,301,FALSE,TRUE,FALSE,FALSE
coderstrust.global/wp-content/uploads/2022/06/bw-generic-03.jpg,https://coderstrust.global/about/,301,FALSE,TRUE,FALSE,FALSE
coderstrust.global/wp-content/uploads/2022/06/leedo1.png,https://coderstrust.global/news/coderstrust-leedo-join-to-expands-ict-education-to-street-children/,301,FALSE,TRUE,FALSE,FALSE
coderstrust.global/wp-content/uploads/2022/07/bw-blog-detail-5.jpg,https://coderstrust.global/about/,301,FALSE,TRUE,FALSE,FALSE
coderstrust.global/wp-content/uploads/2022/07/bw-team-05.jpg,https://coderstrust.global/about/,301,FALSE,TRUE,FALSE,FALSE
coderstrust.global/wp-content/uploads/2022/07/bw-team-06.jpg,https://coderstrust.global/about/,301,FALSE,TRUE,FALSE,FALSE
coderstrust.global/wp-content/uploads/2022/07/bw-testi-04.jpg,https://coderstrust.global/about/,301,FALSE,TRUE,FALSE,FALSE
coderstrust.global/wp-content/uploads/2022/07/bw-testi-05.jpg,https://coderstrust.global/about/,301,FALSE,TRUE,FALSE,FALSE
coderstrust.global/wp-content/uploads/2022/07/bw-testi-06.jpg,https://coderstrust.global/about/,301,FALSE,TRUE,FALSE,FALSE
coderstrust.global/wp-content/uploads/2022/07/image-frame-new.png,https://coderstrust.global/partner-with-us/development-partners/,301,FALSE,TRUE,FALSE,FALSE
coderstrust.global/wp-content/uploads/2022/10/Aziz-Ahmad-561x446.png,https://coderstrust.global/,301,FALSE,TRUE,FALSE,FALSE
coderstrust.global/wp-content/uploads/2022/10/Aziz-Ahmad.png,https://coderstrust.global/news/aziz-ahmad-wins-the-nynjmsdc-partnership-award-in-the-united-states/,301,FALSE,TRUE,FALSE,FALSE
coderstrust.global/wp-content/uploads/2022/11/Gardinar-emphasizes-skill-development-1.jpg,https://coderstrust.global/news/gardinar-emphasizes-skill-development-and-access-for-bangladeshis-to-us-digital-platform/,301,FALSE,TRUE,FALSE,FALSE
coderstrust.global/wp-content/uploads/2022/11/Gardinar-emphasizes-skill-development-561x456.jpg,https://coderstrust.global/,301,FALSE,TRUE,FALSE,FALSE
coderstrust.global/wp-content/uploads/2022/11/Gardinar-emphasizes-skill-development.jpg,https://coderstrust.global/,301,FALSE,TRUE,FALSE,FALSE
coderstrust.global/wp-content/uploads/2023/01/Sheikh-Kamal-IT-centre-561x456.png,https://coderstrust.global/,301,FALSE,TRUE,FALSE,FALSE
coderstrust.global/wp-content/uploads/2023/01/Sheikh-Kamal-IT-centre.png,https://coderstrust.global/,301,FALSE,TRUE,FALSE,FALSE
coderstrust.global/wp-content/uploads/2023/03/Edge-Signing-561x456.jpg,https://coderstrust.global/,301,FALSE,TRUE,FALSE,FALSE
coderstrust.global/wp-content/uploads/2023/03/Edge-Signing.jpg,https://coderstrust.global/,301,FALSE,TRUE,FALSE,FALSE
coderstrust.global/wp-content/uploads/2023/04/CARE_Logo_Orange-1.png,https://coderstrust.global/,301,FALSE,TRUE,FALSE,FALSE
coderstrust.global/wp-content/uploads/2023/04/CodersTrust-slider-1-c-1.jpg,https://coderstrust.global/about/#story,301,FALSE,TRUE,FALSE,FALSE
coderstrust.global/wp-content/uploads/2023/04/IDE_Official_Logo-1.png,https://coderstrust.global/,301,FALSE,TRUE,FALSE,FALSE
coderstrust.global/wp-content/uploads/2023/04/Porticus-logo.png,https://coderstrust.global/,301,FALSE,TRUE,FALSE,FALSE
coderstrust.global/wp-content/uploads/2023/04/Signing-with-Her-Power-Project-561x456.jpg,https://coderstrust.global/,301,FALSE,TRUE,FALSE,FALSE
coderstrust.global/wp-content/uploads/2023/04/Signing-with-Her-Power-Project.jpg,https://coderstrust.global/news/25000-trainees-her-power-empowerment-of-women-through-ict-frontier-initiative/,301,FALSE,TRUE,FALSE,FALSE
coderstrust.global/wp-content/uploads/2023/04/The_Rockefeller_Foundation_Logo-1.png,https://coderstrust.global/,301,FALSE,TRUE,FALSE,FALSE
coderstrust.global/wp-content/uploads/2023/04/UNDP-1.png,https://coderstrust.global/,301,FALSE,TRUE,FALSE,FALSE
coderstrust.global/wp-content/uploads/2023/04/World_Bank_logo-2.png,https://coderstrust.global/,301,FALSE,TRUE,FALSE,FALSE
coderstrust.global/wp-content/uploads/2023/04/accenture-1.png,https://coderstrust.global/,301,FALSE,TRUE,FALSE,FALSE
coderstrust.global/wp-content/uploads/2023/04/brac-logo-1.png,https://coderstrust.global/,301,FALSE,TRUE,FALSE,FALSE
coderstrust.global/wp-content/uploads/2023/04/bw-fact-img-white.png,https://coderstrust.global/,301,FALSE,TRUE,FALSE,FALSE
coderstrust.global/wp-content/uploads/2023/04/danida-logo-2.png,https://coderstrust.global/,301,FALSE,TRUE,FALSE,FALSE
coderstrust.global/wp-content/uploads/2023/04/dutch-foundation-logo.png,https://coderstrust.global/,301,FALSE,TRUE,FALSE,FALSE
coderstrust.global/wp-content/uploads/2023/04/image-1.png,https://coderstrust.global/news/1000-trainees-enhancing-digital-government-economy-edge/,301,FALSE,TRUE,FALSE,FALSE
coderstrust.global/wp-content/uploads/2023/04/image-2.png,https://coderstrust.global/news/1000-trainees-sheikh-kamal-ict-incubator-training/,301,FALSE,TRUE,FALSE,FALSE
coderstrust.global/wp-content/uploads/2023/04/wfp-logo-standard-blue-en.png,https://coderstrust.global/,301,FALSE,TRUE,FALSE,FALSE
coderstrust.global/wp-content/uploads/2023/05/Aklima-Akder-Success.png,https://coderstrust.global/,301,FALSE,TRUE,FALSE,FALSE
coderstrust.global/wp-content/uploads/2023/05/CT-in-countries.webp,https://coderstrust.global/about/#story,301,FALSE,TRUE,FALSE,FALSE
coderstrust.global/wp-content/uploads/2023/05/CodersTrust-Logo-white-1024x155.png,https://coderstrust.global/,301,FALSE,TRUE,FALSE,FALSE
coderstrust.global/wp-content/uploads/2023/05/CodersTrust-Logo-white-1536x232.png,https://coderstrust.global/,301,FALSE,TRUE,FALSE,FALSE
coderstrust.global/wp-content/uploads/2023/05/CodersTrust-Logo-white-2048x310.png,https://coderstrust.global/,301,FALSE,TRUE,FALSE,FALSE
coderstrust.global/wp-content/uploads/2023/05/CodersTrust-Logo-white-300x45.png,https://coderstrust.global/,301,FALSE,TRUE,FALSE,FALSE
coderstrust.global/wp-content/uploads/2023/05/CodersTrust-Logo-white-600x91.png,https://coderstrust.global/,301,FALSE,TRUE,FALSE,FALSE
coderstrust.global/wp-content/uploads/2023/05/CodersTrust-Logo-white-768x116.png,https://coderstrust.global/,301,FALSE,TRUE,FALSE,FALSE
coderstrust.global/wp-content/uploads/2023/05/CodersTrust-Logo-white.png,https://coderstrust.global/,301,FALSE,TRUE,FALSE,FALSE
coderstrust.global/wp-content/uploads/2023/05/Shamim-Ahmed-Success.png,https://coderstrust.global/,301,FALSE,TRUE,FALSE,FALSE
coderstrust.global/wp-content/uploads/2023/05/bw-generic-03-2.png,https://coderstrust.global/partner-with-us/development-partners/,301,FALSE,TRUE,FALSE,FALSE
coderstrust.global/wp-content/uploads/2023/05/light-bg.jpg,https://coderstrust.global/,301,FALSE,TRUE,FALSE,FALSE
coderstrust.global/wp-content/uploads/2023/05/undp-logo-5682674D5C-seeklogo.com_.png,https://coderstrust.global/,301,FALSE,TRUE,FALSE,FALSE
coderstrust.global/wp-content/uploads/2023/06/A-B-M-Mahir-Absar.png,https://coderstrust.global/,301,FALSE,TRUE,FALSE,FALSE
coderstrust.global/wp-content/uploads/2023/06/AIUB-Logo-final.png,https://coderstrust.global/,301,FALSE,TRUE,FALSE,FALSE
coderstrust.global/wp-content/uploads/2023/06/AUST-logo-final.png,https://coderstrust.global/,301,FALSE,TRUE,FALSE,FALSE
coderstrust.global/wp-content/uploads/2023/06/Adrian-Testimonials.png,https://coderstrust.global/nu-postgraduate-diploma/,301,FALSE,TRUE,FALSE,FALSE
coderstrust.global/wp-content/uploads/2023/06/Arfias-Islam-Rudro.png,https://coderstrust.global/nu-postgraduate-diploma/,301,FALSE,TRUE,FALSE,FALSE
coderstrust.global/wp-content/uploads/2023/06/Asraful-Alam-Sany-Testimonials.png,https://coderstrust.global/nu-postgraduate-diploma/,301,FALSE,TRUE,FALSE,FALSE
coderstrust.global/wp-content/uploads/2023/06/Aysha-Akter-Testimonials-1-1.png,https://coderstrust.global/nu-postgraduate-diploma/,301,FALSE,TRUE,FALSE,FALSE
coderstrust.global/wp-content/uploads/2023/06/Aziz-Ahmad.webp,https://coderstrust.global/,301,FALSE,TRUE,FALSE,FALSE
coderstrust.global/wp-content/uploads/2023/06/BRAC-Logo-final.png,https://coderstrust.global/,301,FALSE,TRUE,FALSE,FALSE
coderstrust.global/wp-content/uploads/2023/06/BRAC-STRONG-IT-1.png,https://coderstrust.global/impact/case-studies/,301,FALSE,TRUE,FALSE,FALSE
coderstrust.global/wp-content/uploads/2023/06/Bristy-Bagchi.png,https://coderstrust.global/,301,FALSE,TRUE,FALSE,FALSE
coderstrust.global/wp-content/uploads/2023/06/CodersTrust-updated-Roadmap.png,https://coderstrust.global/about/#story,301,FALSE,TRUE,FALSE,FALSE
coderstrust.global/wp-content/uploads/2023/06/DIU-Logo-final.png,https://coderstrust.global/,301,FALSE,TRUE,FALSE,FALSE
coderstrust.global/wp-content/uploads/2023/06/Dhaka-University-Logo-final.png,https://coderstrust.global/,301,FALSE,TRUE,FALSE,FALSE
coderstrust.global/wp-content/uploads/2023/06/East-west-university-Logo-final.png,https://coderstrust.global/,301,FALSE,TRUE,FALSE,FALSE
coderstrust.global/wp-content/uploads/2023/06/Green-University-logo-final.png,https://coderstrust.global/,301,FALSE,TRUE,FALSE,FALSE
coderstrust.global/wp-content/uploads/2023/06/Jahangirnagar-University-Logo-final.png,https://coderstrust.global/,301,FALSE,TRUE,FALSE,FALSE
coderstrust.global/wp-content/uploads/2023/06/James-Gardiner-Endorsement.webp,https://coderstrust.global/about/recognition/#endorsements,301,FALSE,TRUE,FALSE,FALSE
coderstrust.global/wp-content/uploads/2023/06/Mehedi-Hasan-Sakil-Testimonial.png,https://coderstrust.global/nu-postgraduate-diploma/,301,FALSE,TRUE,FALSE,FALSE
coderstrust.global/wp-content/uploads/2023/06/Mustafa-Zabed-Testimonials.png,https://coderstrust.global/nu-postgraduate-diploma/,301,FALSE,TRUE,FALSE,FALSE
coderstrust.global/wp-content/uploads/2023/06/NU-Graduates-Graphs.png,https://coderstrust.global/programs/nationwide/,301,FALSE,TRUE,FALSE,FALSE
coderstrust.global/wp-content/uploads/2023/06/UIU-logo-final.jpg.png,https://coderstrust.global/,301,FALSE,TRUE,FALSE,FALSE
coderstrust.global/wp-content/uploads/2023/06/UPEACE-Logo-Transparent-1024x255.png,https://coderstrust.global/,301,FALSE,TRUE,FALSE,FALSE
coderstrust.global/wp-content/uploads/2023/06/UPEACE-Logo-Transparent-1536x383.png,https://coderstrust.global/,301,FALSE,TRUE,FALSE,FALSE
coderstrust.global/wp-content/uploads/2023/06/UPEACE-Logo-Transparent-2048x510.png,https://coderstrust.global/,301,FALSE,TRUE,FALSE,FALSE
coderstrust.global/wp-content/uploads/2023/06/UPEACE-Logo-Transparent-300x75.png,https://coderstrust.global/,301,FALSE,TRUE,FALSE,FALSE
coderstrust.global/wp-content/uploads/2023/06/UPEACE-Logo-Transparent-600x150.png,https://coderstrust.global/,301,FALSE,TRUE,FALSE,FALSE
coderstrust.global/wp-content/uploads/2023/06/UPEACE-Logo-Transparent-768x191.png,https://coderstrust.global/,301,FALSE,TRUE,FALSE,FALSE
coderstrust.global/wp-content/uploads/2023/06/UPEACE-Logo-Transparent.png,https://coderstrust.global/,301,FALSE,TRUE,FALSE,FALSE
coderstrust.global/wp-content/uploads/2023/06/University_of_Liberal_Arts_Bangladesh_logo-final.png,https://coderstrust.global/,301,FALSE,TRUE,FALSE,FALSE
coderstrust.global/wp-content/uploads/2023/06/WhatsApp-Image-2023-06-04-at-00.15.44-561x456.jpeg,https://coderstrust.global/,301,FALSE,TRUE,FALSE,FALSE
coderstrust.global/wp-content/uploads/2023/06/WhatsApp-Image-2023-06-04-at-00.15.44.jpeg,https://coderstrust.global/news/coderstrust-is-signing-mou-with-un-mandated-university-for-peace-on-academic-collaboration/,301,FALSE,TRUE,FALSE,FALSE
coderstrust.global/wp-content/uploads/2023/06/Zarin-Tusnim-Shifa-Testimonials.png,https://coderstrust.global/nu-postgraduate-diploma/,301,FALSE,TRUE,FALSE,FALSE
coderstrust.global/wp-content/uploads/2023/06/image_2023_06_15T16_10_59_630Z-561x456.png,https://coderstrust.global/programs/superkids/,301,FALSE,TRUE,FALSE,FALSE
coderstrust.global/wp-content/uploads/2023/06/image_2023_06_15T16_10_59_630Z.png,https://coderstrust.global/programs/superkids/,301,FALSE,TRUE,FALSE,FALSE
coderstrust.global/wp-content/uploads/2023/06/light-bg.jpg,https://coderstrust.global/,301,FALSE,TRUE,FALSE,FALSE
coderstrust.global/wp-content/uploads/2023/06/madrasha-graph-ICT-training.png,https://coderstrust.global/programs/nationwide/,301,FALSE,TRUE,FALSE,FALSE
coderstrust.global/wp-content/uploads/2023/06/north-south-university-logo-final.png,https://coderstrust.global/,301,FALSE,TRUE,FALSE,FALSE
coderstrust.global/wp-content/uploads/2023/06/northern-university-logo-final.png,https://coderstrust.global/,301,FALSE,TRUE,FALSE,FALSE
coderstrust.global/wp-content/uploads/2023/06/partner-with-us.png,https://coderstrust.global/about/#story,301,FALSE,TRUE,FALSE,FALSE
coderstrust.global/wp-content/uploads/2023/06/primeasia-logo-final.png,https://coderstrust.global/,301,FALSE,TRUE,FALSE,FALSE
coderstrust.global/wp-content/uploads/2023/06/testbg.jpg,https://coderstrust.global/nu-postgraduate-diploma/,301,FALSE,TRUE,FALSE,FALSE
coderstrust.global/wp-content/uploads/2023/06/tushar.png,https://coderstrust.global/,301,FALSE,TRUE,FALSE,FALSE
coderstrust.global/wp-content/uploads/2023/06/wub-logo-final.png,https://coderstrust.global/,301,FALSE,TRUE,FALSE,FALSE
coderstrust.global/wp-content/uploads/2023/07/Artificial-Intelligence-Category-1.png,https://coderstrust.global/,301,FALSE,TRUE,FALSE,FALSE
coderstrust.global/wp-content/uploads/2023/07/Bigdata-Category.png,https://coderstrust.global/,301,FALSE,TRUE,FALSE,FALSE
coderstrust.global/wp-content/uploads/2023/07/Blockchain-Category.png,https://coderstrust.global/,301,FALSE,TRUE,FALSE,FALSE
coderstrust.global/wp-content/uploads/2023/07/CT-Favicon.jpg,https://coderstrust.global/,301,FALSE,TRUE,FALSE,FALSE
coderstrust.global/wp-content/uploads/2023/07/Cloud-Computing-Categegory.png,https://coderstrust.global/,301,FALSE,TRUE,FALSE,FALSE
coderstrust.global/wp-content/uploads/2023/07/CodersTrust-Logo.png,https://coderstrust.global/,301,FALSE,TRUE,FALSE,FALSE
coderstrust.global/wp-content/uploads/2023/07/CodersTrust-Slider-NationWIDE.webp,https://coderstrust.global/,301,FALSE,TRUE,FALSE,FALSE
coderstrust.global/wp-content/uploads/2023/07/CodersTrust-slider-albania-color-.webp,https://coderstrust.global/,301,FALSE,TRUE,FALSE,FALSE
coderstrust.global/wp-content/uploads/2023/07/CodersTrust-slider-kosovo.webp,https://coderstrust.global/,301,FALSE,TRUE,FALSE,FALSE
coderstrust.global/wp-content/uploads/2023/07/Cybersecurity-Category.png,https://coderstrust.global/,301,FALSE,TRUE,FALSE,FALSE
coderstrust.global/wp-content/uploads/2023/07/DevOps-Category-1.png,https://coderstrust.global/,301,FALSE,TRUE,FALSE,FALSE
coderstrust.global/wp-content/uploads/2023/07/Falgun-event-1024x731.jpg,https://coderstrust.global/careers/,301,FALSE,TRUE,FALSE,FALSE
coderstrust.global/wp-content/uploads/2023/07/Falgun-event.jpg,https://coderstrust.global/careers/,301,FALSE,TRUE,FALSE,FALSE
coderstrust.global/wp-content/uploads/2023/07/Faruk-sir.jpg,https://coderstrust.global/about/team/,301,FALSE,TRUE,FALSE,FALSE
coderstrust.global/wp-content/uploads/2023/07/Mahzabin-Akter.jpg,https://coderstrust.global/about/team/,301,FALSE,TRUE,FALSE,FALSE
coderstrust.global/wp-content/uploads/2023/07/Monika-employee-1024x819.jpg,https://coderstrust.global/careers/,301,FALSE,TRUE,FALSE,FALSE
coderstrust.global/wp-content/uploads/2023/07/Monika-employee.jpg,https://coderstrust.global/careers/,301,FALSE,TRUE,FALSE,FALSE
coderstrust.global/wp-content/uploads/2023/07/Office-lab-1024x732.jpg,https://coderstrust.global/careers/,301,FALSE,TRUE,FALSE,FALSE
coderstrust.global/wp-content/uploads/2023/07/Office-lab.jpg,https://coderstrust.global/careers/,301,FALSE,TRUE,FALSE,FALSE
coderstrust.global/wp-content/uploads/2023/07/Picninc-1024x731.jpg,https://coderstrust.global/careers/,301,FALSE,TRUE,FALSE,FALSE
coderstrust.global/wp-content/uploads/2023/07/Picninc.jpg,https://coderstrust.global/careers/,301,FALSE,TRUE,FALSE,FALSE
coderstrust.global/wp-content/uploads/2023/07/Scalable-Sustainable-Model.png,https://coderstrust.global/about/#story,301,FALSE,TRUE,FALSE,FALSE
coderstrust.global/wp-content/uploads/2023/07/Support-employee-1024x732.jpg,https://coderstrust.global/careers/,301,FALSE,TRUE,FALSE,FALSE
coderstrust.global/wp-content/uploads/2023/07/Support-employee.jpg,https://coderstrust.global/careers/,301,FALSE,TRUE,FALSE,FALSE
coderstrust.global/wp-content/uploads/2023/07/The-times-of-India-e1690880846511.png,https://coderstrust.global/,301,FALSE,TRUE,FALSE,FALSE
coderstrust.global/wp-content/uploads/2023/07/coders_trust_1_0.jpg,https://coderstrust.global/careers/,301,FALSE,TRUE,FALSE,FALSE
coderstrust.global/wp-content/uploads/2023/07/cropped-CT-Favicon-180x180.jpg,https://coderstrust.global/,301,FALSE,TRUE,FALSE,FALSE
coderstrust.global/wp-content/uploads/2023/07/cropped-CT-Favicon-192x192.jpg,https://coderstrust.global/,301,FALSE,TRUE,FALSE,FALSE
coderstrust.global/wp-content/uploads/2023/07/cropped-CT-Favicon-32x32.jpg,https://coderstrust.global/,301,FALSE,TRUE,FALSE,FALSE
coderstrust.global/wp-content/uploads/2023/07/cropped-CT-Favicon-512x512.jpg,https://coderstrust.global/,301,FALSE,TRUE,FALSE,FALSE
coderstrust.global/wp-content/uploads/2023/07/cropped-CT-Favicon.jpg,https://coderstrust.global/,301,FALSE,TRUE,FALSE,FALSE
coderstrust.global/wp-content/uploads/2023/07/karim_sir.jpg,https://coderstrust.global/about/team/,301,FALSE,TRUE,FALSE,FALSE
coderstrust.global/wp-content/uploads/2023/07/logo-under-tab-copy.png,https://coderstrust.global/,301,FALSE,TRUE,FALSE,FALSE
coderstrust.global/wp-content/uploads/2023/07/world-maps-marked.png,https://coderstrust.global/,301,FALSE,TRUE,FALSE,FALSE
coderstrust.global/wp-content/uploads/2023/07/yes-result-graph.png,https://coderstrust.global/,301,FALSE,TRUE,FALSE,FALSE
coderstrust.global/wp-content/uploads/2023/08/AZIZ-AHMAD-1.png,https://coderstrust.global/about/team/,301,FALSE,TRUE,FALSE,FALSE
coderstrust.global/wp-content/uploads/2023/08/Forbes.png,https://coderstrust.global/,301,FALSE,TRUE,FALSE,FALSE
coderstrust.global/wp-content/uploads/2023/08/Gulf-News.png,https://coderstrust.global/,301,FALSE,TRUE,FALSE,FALSE
coderstrust.global/wp-content/uploads/2023/08/MD-SHAMSUL-HAQUE-1.png,https://coderstrust.global/about/team/,301,FALSE,TRUE,FALSE,FALSE
coderstrust.global/wp-content/uploads/2023/08/Mid-Hudson-News.png,https://coderstrust.global/,301,FALSE,TRUE,FALSE,FALSE
coderstrust.global/wp-content/uploads/2023/08/TechCrunch.png,https://coderstrust.global/,301,FALSE,TRUE,FALSE,FALSE
coderstrust.global/wp-content/uploads/2023/08/TechInAsia-e1690871420459.png,https://coderstrust.global/,301,FALSE,TRUE,FALSE,FALSE
coderstrust.global/wp-content/uploads/2023/08/USA-Today.png,https://coderstrust.global/,301,FALSE,TRUE,FALSE,FALSE
coderstrust.global/wp-content/uploads/2023/08/Wall-street-Journal.png,https://coderstrust.global/,301,FALSE,TRUE,FALSE,FALSE
coderstrust.global/wp-content/uploads/2023/08/World-Bank-e1690869428383.png,https://coderstrust.global/,301,FALSE,TRUE,FALSE,FALSE
coderstrust.global/wp-content/uploads/2023/08/nushratjahan-400x446.jpg,https://coderstrust.global/impact/stories/,301,FALSE,TRUE,FALSE,FALSE
coderstrust.global/wp-content/uploads/2023/08/nushratjahan.jpg,https://coderstrust.global/impact/stories/,301,FALSE,TRUE,FALSE,FALSE
coderstrust.global/wp-content/uploads/2023/09/CodersTrust-provide-certificate-of-participation-to-Akij-group-employees-300x200.jpg,https://coderstrust.global/news/coderstrust-provides-corporate-training-to-akij-group-one-of-the-largest-conglomerates-of-south-asia/,301,FALSE,TRUE,FALSE,FALSE
coderstrust.global/wp-content/uploads/2023/09/CodersTrust-provide-certificate-of-participation-to-Akij-group-employees.jpg,https://coderstrust.global/news/coderstrust-provides-corporate-training-to-akij-group-one-of-the-largest-conglomerates-of-south-asia/,301,FALSE,TRUE,FALSE,FALSE
coderstrust.global/wp-content/uploads/2023/09/Coderstrust-provide-corporate-training-to-Akij-group-300x200.jpg,https://coderstrust.global/news/coderstrust-provides-corporate-training-to-akij-group-one-of-the-largest-conglomerates-of-south-asia/,301,FALSE,TRUE,FALSE,FALSE
coderstrust.global/wp-content/uploads/2023/09/Coderstrust-provide-corporate-training-to-Akij-group.jpg,https://coderstrust.global/news/coderstrust-provides-corporate-training-to-akij-group-one-of-the-largest-conglomerates-of-south-asia/,301,FALSE,TRUE,FALSE,FALSE
coderstrust.global/wp-content/uploads/2023/09/Diya-400x446.jpg,https://coderstrust.global/impact/stories/,301,FALSE,TRUE,FALSE,FALSE
coderstrust.global/wp-content/uploads/2023/09/Diya.jpg,https://coderstrust.global/impact/stories/,301,FALSE,TRUE,FALSE,FALSE
coderstrust.global/wp-content/uploads/2023/09/Sonya-Talukder-Sucess-Story.jpg,https://coderstrust.global/,301,FALSE,TRUE,FALSE,FALSE
coderstrust.global/wp-content/uploads/2023/10/Title-Slider-Images-Upscaled.jpg,https://coderstrust.global/,301,FALSE,TRUE,FALSE,FALSE
coderstrust.global/wp-content/uploads/2023/11/Ashraful-Alam-Sani.png,https://coderstrust.global/,301,FALSE,TRUE,FALSE,FALSE
coderstrust.global/wp-content/uploads/2023/11/CT-Mou-with-NCTB-4-300x200.jpg,https://coderstrust.global/news/coderstrust-seals-groundbreaking-mou-with-nctb-paving-the-way-for-competency-based-learning-opportunities/,301,FALSE,TRUE,FALSE,FALSE
coderstrust.global/wp-content/uploads/2023/11/CT-Mou-with-NCTB-4.jpg,https://coderstrust.global/news/coderstrust-seals-groundbreaking-mou-with-nctb-paving-the-way-for-competency-based-learning-opportunities/,301,FALSE,TRUE,FALSE,FALSE
coderstrust.global/wp-content/uploads/2023/11/CT-Mou-with-NCTB-5-e1701081133756-300x218.jpg,https://coderstrust.global/news/coderstrust-seals-groundbreaking-mou-with-nctb-paving-the-way-for-competency-based-learning-opportunities/,301,FALSE,TRUE,FALSE,FALSE
coderstrust.global/wp-content/uploads/2023/11/CT-Mou-with-NCTB-5-e1701081133756.jpg,https://coderstrust.global/news/coderstrust-seals-groundbreaking-mou-with-nctb-paving-the-way-for-competency-based-learning-opportunities/,301,FALSE,TRUE,FALSE,FALSE
coderstrust.global/wp-content/uploads/2023/11/Md.-Maruf-Hossain.png,https://coderstrust.global/,301,FALSE,TRUE,FALSE,FALSE
coderstrust.global/wp-content/uploads/2023/11/MoU-with-Ostitto-and-CT-1-e1700657239544-300x128.jpeg,https://coderstrust.global/news/coderstrust-bangladesh-and-ostitto-join-forces-to-bridge-the-digital-divide/,301,FALSE,TRUE,FALSE,FALSE
coderstrust.global/wp-content/uploads/2023/11/MoU-with-Ostitto-and-CT-1-e1700657239544.jpeg,https://coderstrust.global/news/coderstrust-bangladesh-and-ostitto-join-forces-to-bridge-the-digital-divide/,301,FALSE,TRUE,FALSE,FALSE
coderstrust.global/wp-content/uploads/2023/11/MoU-with-Ostitto-and-CT-2-e1700657311830-300x135.jpeg,https://coderstrust.global/news/coderstrust-bangladesh-and-ostitto-join-forces-to-bridge-the-digital-divide/,301,FALSE,TRUE,FALSE,FALSE
coderstrust.global/wp-content/uploads/2023/11/MoU-with-Ostitto-and-CT-2-e1700657311830.jpeg,https://coderstrust.global/news/coderstrust-bangladesh-and-ostitto-join-forces-to-bridge-the-digital-divide/,301,FALSE,TRUE,FALSE,FALSE
coderstrust.global/wp-content/uploads/2023/11/Samia-Alam.png,https://coderstrust.global/,301,FALSE,TRUE,FALSE,FALSE
coderstrust.global/wp-content/uploads/2023/11/ToT-closing-ceremony-at-ICT-1-e1700660236975-300x179.jpeg,https://coderstrust.global/news/coderstrust-and-doict-shaping-a-smart-future-through-trainer-empowerment/,301,FALSE,TRUE,FALSE,FALSE
coderstrust.global/wp-content/uploads/2023/11/ToT-closing-ceremony-at-ICT-1-e1700660236975.jpeg,https://coderstrust.global/news/coderstrust-and-doict-shaping-a-smart-future-through-trainer-empowerment/,301,FALSE,TRUE,FALSE,FALSE
coderstrust.global/wp-content/uploads/2023/11/ToT-closing-ceremony-at-ICT-2-300x225.jpeg,https://coderstrust.global/news/coderstrust-and-doict-shaping-a-smart-future-through-trainer-empowerment/,301,FALSE,TRUE,FALSE,FALSE
coderstrust.global/wp-content/uploads/2023/11/ToT-closing-ceremony-at-ICT-2.jpeg,https://coderstrust.global/news/coderstrust-and-doict-shaping-a-smart-future-through-trainer-empowerment/,301,FALSE,TRUE,FALSE,FALSE
coderstrust.global/wp-content/uploads/2023/11/ToT-closing-ceremony-at-ICT-4-e1700660156296-300x150.jpeg,https://coderstrust.global/news/coderstrust-and-doict-shaping-a-smart-future-through-trainer-empowerment/,301,FALSE,TRUE,FALSE,FALSE
coderstrust.global/wp-content/uploads/2023/11/ToT-closing-ceremony-at-ICT-4-e1700660156296.jpeg,https://coderstrust.global/news/coderstrust-and-doict-shaping-a-smart-future-through-trainer-empowerment/,301,FALSE,TRUE,FALSE,FALSE
coderstrust.global/wp-content/uploads/2023/11/ToT-closing-ceremony-at-ICT-5-e1700660271919-300x156.jpeg,https://coderstrust.global/news/coderstrust-and-doict-shaping-a-smart-future-through-trainer-empowerment/,301,FALSE,TRUE,FALSE,FALSE
coderstrust.global/wp-content/uploads/2023/11/ToT-closing-ceremony-at-ICT-5-e1700660271919.jpeg,https://coderstrust.global/news/coderstrust-and-doict-shaping-a-smart-future-through-trainer-empowerment/,301,FALSE,TRUE,FALSE,FALSE
coderstrust.global/wp-content/uploads/2023/11/WhatsApp-Image-2023-11-05-at-10.28.23-AM-300x169.jpeg,https://coderstrust.global/news/coderstrust-is-committed-to-the-vision-of-a-smart-bangladesh-within-2041-aziz-ahmad/,301,FALSE,TRUE,FALSE,FALSE
coderstrust.global/wp-content/uploads/2023/11/WhatsApp-Image-2023-11-05-at-10.28.23-AM.jpeg,https://coderstrust.global/news/coderstrust-is-committed-to-the-vision-of-a-smart-bangladesh-within-2041-aziz-ahmad/,301,FALSE,TRUE,FALSE,FALSE
coderstrust.global/wp-content/uploads/2023/11/joty.png,https://coderstrust.global/,301,FALSE,TRUE,FALSE,FALSE
coderstrust.global/wp-content/uploads/2023/11/shafqat-1.webp,https://coderstrust.global/about/team/,301,FALSE,TRUE,FALSE,FALSE
coderstrust.global/wp-content/uploads/2023/12/Build-Peace-2023-Conference-2024-2-300x225.jpg,https://coderstrust.global/news/harnessing-socio-technology-for-positive-impact-and-unity-globally/,301,FALSE,TRUE,FALSE,FALSE
coderstrust.global/wp-content/uploads/2023/12/Build-Peace-2023-Conference-2024-2.jpg,https://coderstrust.global/news/harnessing-socio-technology-for-positive-impact-and-unity-globally/,301,FALSE,TRUE,FALSE,FALSE
coderstrust.global/wp-content/uploads/2023/12/CT-in-top-100-561x456.jpeg,https://coderstrust.global/programs/superkids/,301,FALSE,TRUE,FALSE,FALSE
coderstrust.global/wp-content/uploads/2023/12/CT-in-top-100.jpeg,https://coderstrust.global/programs/superkids/,301,FALSE,TRUE,FALSE,FALSE
coderstrust.global/wp-content/uploads/2023/12/DGM-thumbnail.jpg,https://coderstrust.global/nu-postgraduate-diploma/,301,FALSE,TRUE,FALSE,FALSE
coderstrust.global/wp-content/uploads/2023/12/ICT-thumbnail.jpg,https://coderstrust.global/nu-postgraduate-diploma/,301,FALSE,TRUE,FALSE,FALSE
coderstrust.global/wp-content/uploads/2023/12/MoU-with-NCTB-2-300x200.jpeg,https://coderstrust.global/news/coderstrust-seals-groundbreaking-mou-with-nctb-paving-the-way-for-competency-based-learning-opportunities/,301,FALSE,TRUE,FALSE,FALSE
coderstrust.global/wp-content/uploads/2023/12/MoU-with-NCTB-2.jpeg,https://coderstrust.global/news/coderstrust-seals-groundbreaking-mou-with-nctb-paving-the-way-for-competency-based-learning-opportunities/,301,FALSE,TRUE,FALSE,FALSE
coderstrust.global/wp-content/uploads/2023/12/MoU-with-NCTB-300x244.jpeg,https://coderstrust.global/news/coderstrust-seals-groundbreaking-mou-with-nctb-paving-the-way-for-competency-based-learning-opportunities/,301,FALSE,TRUE,FALSE,FALSE
coderstrust.global/wp-content/uploads/2023/12/MoU-with-NCTB-4-e1721022580902-561x456.jpg,https://coderstrust.global/programs/superkids/,301,FALSE,TRUE,FALSE,FALSE
coderstrust.global/wp-content/uploads/2023/12/MoU-with-NCTB-4-e1721022580902.jpg,https://coderstrust.global/programs/superkids/,301,FALSE,TRUE,FALSE,FALSE
coderstrust.global/wp-content/uploads/2023/12/MoU-with-NCTB.jpeg,https://coderstrust.global/news/coderstrust-seals-groundbreaking-mou-with-nctb-paving-the-way-for-competency-based-learning-opportunities/,301,FALSE,TRUE,FALSE,FALSE
coderstrust.global/wp-content/uploads/2023/12/NU-logo-colorful.png,https://coderstrust.global/nu-postgraduate-diploma/digital-marketing/,301,FALSE,TRUE,FALSE,FALSE
coderstrust.global/wp-content/uploads/2023/12/nu-pgd-1-scaled-e1703390769193-1024x615.jpeg,https://coderstrust.global/nu-postgraduate-diploma/digital-marketing/,301,FALSE,TRUE,FALSE,FALSE
coderstrust.global/wp-content/uploads/2023/12/nu-pgd-1-scaled-e1703390769193.jpeg,https://coderstrust.global/nu-postgraduate-diploma/digital-marketing/,301,FALSE,TRUE,FALSE,FALSE
coderstrust.global/wp-content/uploads/2023/12/nu-pgd-2-e1703392138559-1024x783.jpeg,https://coderstrust.global/nu-postgraduate-diploma/,301,FALSE,TRUE,FALSE,FALSE
coderstrust.global/wp-content/uploads/2023/12/nu-pgd-2-e1703392138559.jpeg,https://coderstrust.global/nu-postgraduate-diploma/,301,FALSE,TRUE,FALSE,FALSE
coderstrust.global/wp-content/uploads/2023/12/right-arrow.png,https://coderstrust.global/our-model/talentleap/,301,FALSE,TRUE,FALSE,FALSE
coderstrust.global/wp-content/uploads/2024/01/NU-logo-6.png,https://coderstrust.global/nu-postgraduate-diploma/,301,FALSE,TRUE,FALSE,FALSE
coderstrust.global/wp-content/uploads/2024/01/NU-logo-bold-300x103.png,https://coderstrust.global/,301,FALSE,TRUE,FALSE,FALSE
coderstrust.global/wp-content/uploads/2024/01/NU-logo-bold.png,https://coderstrust.global/,301,FALSE,TRUE,FALSE,FALSE
coderstrust.global/wp-content/uploads/2024/01/Rashid.png,https://coderstrust.global/about/mentors/,301,FALSE,TRUE,FALSE,FALSE
coderstrust.global/wp-content/uploads/2024/01/Sakibul.webp,https://coderstrust.global/about/mentors/,301,FALSE,TRUE,FALSE,FALSE
coderstrust.global/wp-content/uploads/2024/01/Sujon-kumar-dey.jpg,https://coderstrust.global/about/mentors/,301,FALSE,TRUE,FALSE,FALSE
coderstrust.global/wp-content/uploads/2024/01/ashikur.jpg,https://coderstrust.global/about/mentors/,301,FALSE,TRUE,FALSE,FALSE
coderstrust.global/wp-content/uploads/2024/01/nahid-2.jpg,https://coderstrust.global/about/mentors/,301,FALSE,TRUE,FALSE,FALSE
coderstrust.global/wp-content/uploads/2024/01/salma-suma.webp,https://coderstrust.global/about/mentors/,301,FALSE,TRUE,FALSE,FALSE
coderstrust.global/wp-content/uploads/2024/01/shila.png,https://coderstrust.global/about/mentors/,301,FALSE,TRUE,FALSE,FALSE
coderstrust.global/wp-content/uploads/2024/01/tawfiqur.jpg,https://coderstrust.global/about/mentors/,301,FALSE,TRUE,FALSE,FALSE
coderstrust.global/wp-content/uploads/2024/03/bank-asia.png,https://coderstrust.global/nu-postgraduate-diploma/,301,FALSE,TRUE,FALSE,FALSE
coderstrust.global/wp-content/uploads/2024/03/bkash.svg,https://coderstrust.global/nu-postgraduate-diploma/,301,FALSE,TRUE,FALSE,FALSE
coderstrust.global/wp-content/uploads/2024/03/nogod.svg,https://coderstrust.global/nu-postgraduate-diploma/,301,FALSE,TRUE,FALSE,FALSE
coderstrust.global/wp-content/uploads/2024/03/rocket.svg,https://coderstrust.global/nu-postgraduate-diploma/,301,FALSE,TRUE,FALSE,FALSE
coderstrust.global/wp-content/uploads/2024/04/CodersTrust-Logo.jpg,https://coderstrust.global/,301,FALSE,TRUE,FALSE,FALSE
coderstrust.global/wp-content/uploads/2024/04/NU-PGD-CT-Thumbnail.jpg,https://coderstrust.global/,301,FALSE,TRUE,FALSE,FALSE
coderstrust.global/wp-content/uploads/2024/04/NUPGD-Circular-2024.pdf,https://coderstrust.global/nu-postgraduate-diploma/,301,FALSE,TRUE,FALSE,FALSE
coderstrust.global/wp-content/uploads/2024/04/certificate_1.svg,https://coderstrust.global/programs/superkids/,301,FALSE,TRUE,FALSE,FALSE
coderstrust.global/wp-content/uploads/2024/04/contact_2.svg,https://coderstrust.global/programs/superkids/,301,FALSE,TRUE,FALSE,FALSE
coderstrust.global/wp-content/uploads/2024/04/dynamic-education.svg,https://coderstrust.global/programs/superkids/,301,FALSE,TRUE,FALSE,FALSE
coderstrust.global/wp-content/uploads/2024/04/gvt-partnership.svg,https://coderstrust.global/programs/superkids/,301,FALSE,TRUE,FALSE,FALSE
coderstrust.global/wp-content/uploads/2024/04/holon-iq.png,https://coderstrust.global/programs/superkids/,301,FALSE,TRUE,FALSE,FALSE
coderstrust.global/wp-content/uploads/2024/04/image-1024x614.png,https://coderstrust.global/nu-postgraduate-diploma/,301,FALSE,TRUE,FALSE,FALSE
coderstrust.global/wp-content/uploads/2024/04/image.png,https://coderstrust.global/nu-postgraduate-diploma/,301,FALSE,TRUE,FALSE,FALSE
coderstrust.global/wp-content/uploads/2024/04/impact.svg,https://coderstrust.global/programs/superkids/,301,FALSE,TRUE,FALSE,FALSE
coderstrust.global/wp-content/uploads/2024/04/neurodiverse-988x1024.png,https://coderstrust.global/programs/superkids/,301,FALSE,TRUE,FALSE,FALSE
coderstrust.global/wp-content/uploads/2024/04/neurodiverse.png,https://coderstrust.global/programs/superkids/,301,FALSE,TRUE,FALSE,FALSE
coderstrust.global/wp-content/uploads/2024/04/next-generation-skill-courses-scaled-1.jpg,https://coderstrust.global/nu-postgraduate-diploma/digital-marketing/,301,FALSE,TRUE,FALSE,FALSE
coderstrust.global/wp-content/uploads/2024/04/select_1.svg,https://coderstrust.global/programs/superkids/,301,FALSE,TRUE,FALSE,FALSE
coderstrust.global/wp-content/uploads/2024/04/sk-img-2.png,https://coderstrust.global/programs/superkids/,301,FALSE,TRUE,FALSE,FALSE
coderstrust.global/wp-content/uploads/2024/04/start-learning_1.svg,https://coderstrust.global/programs/superkids/,301,FALSE,TRUE,FALSE,FALSE
coderstrust.global/wp-content/uploads/2024/04/wave-bg-light-images.png,https://coderstrust.global/nu-postgraduate-diploma/,301,FALSE,TRUE,FALSE,FALSE
coderstrust.global/wp-content/uploads/2024/05/Aziz-Ahmad.jpg,https://coderstrust.global/nu-postgraduate-diploma/,301,FALSE,TRUE,FALSE,FALSE
coderstrust.global/wp-content/uploads/2024/05/Certificate-Ceremony-4-300x148.jpeg,https://coderstrust.global/news/empowering-women-in-digital-economy-certificate-giving-ceremony-by-coderstrust-with-joyeeta-foundation/,301,FALSE,TRUE,FALSE,FALSE
coderstrust.global/wp-content/uploads/2024/05/Certificate-Ceremony-4.jpeg,https://coderstrust.global/news/empowering-women-in-digital-economy-certificate-giving-ceremony-by-coderstrust-with-joyeeta-foundation/,301,FALSE,TRUE,FALSE,FALSE
coderstrust.global/wp-content/uploads/2024/05/Certificate-Giving-Ceremony-by-CodersTrust-with-Joyeeta-Foundation-3-scaled-e1721019042728-300x156.jpg,https://coderstrust.global/news/empowering-women-in-digital-economy-certificate-giving-ceremony-by-coderstrust-with-joyeeta-foundation/,301,FALSE,TRUE,FALSE,FALSE
coderstrust.global/wp-content/uploads/2024/05/Certificate-Giving-Ceremony-by-CodersTrust-with-Joyeeta-Foundation-3-scaled-e1721019042728.jpg,https://coderstrust.global/news/empowering-women-in-digital-economy-certificate-giving-ceremony-by-coderstrust-with-joyeeta-foundation/,301,FALSE,TRUE,FALSE,FALSE
coderstrust.global/wp-content/uploads/2024/05/Kolika-Chakma-1024x1024.jpg,https://coderstrust.global/programs/superkids/,301,FALSE,TRUE,FALSE,FALSE
coderstrust.global/wp-content/uploads/2024/05/Kolika-Chakma.jpg,https://coderstrust.global/programs/superkids/,301,FALSE,TRUE,FALSE,FALSE
coderstrust.global/wp-content/uploads/2024/05/Nagad.jpg,https://jobready.global/,301,FALSE,TRUE,FALSE,FALSE
coderstrust.global/wp-content/uploads/2024/05/Rocket.jpg,https://jobready.global/,301,FALSE,TRUE,FALSE,FALSE
coderstrust.global/wp-content/uploads/2024/05/SK-Logo-24-v1.1.svg,https://coderstrust.global/programs/superkids/,301,FALSE,TRUE,FALSE,FALSE
coderstrust.global/wp-content/uploads/2024/05/SK-Mascot-Male-2.svg,https://coderstrust.global/programs/superkids/,301,FALSE,TRUE,FALSE,FALSE
coderstrust.global/wp-content/uploads/2024/05/STEAMARTS.svg,https://coderstrust.global/programs/superkids/,301,FALSE,TRUE,FALSE,FALSE
coderstrust.global/wp-content/uploads/2024/05/WSIS-1-300x123.jpeg,https://coderstrust.global/news/coderstrust-attends-wsis20-forum-high-level-event/,301,FALSE,TRUE,FALSE,FALSE
coderstrust.global/wp-content/uploads/2024/05/WSIS-1-300x225.png,https://coderstrust.global/news/coderstrust-attends-wsis20-forum-high-level-event/,301,FALSE,TRUE,FALSE,FALSE
coderstrust.global/wp-content/uploads/2024/05/WSIS-1.jpeg,https://coderstrust.global/news/coderstrust-attends-wsis20-forum-high-level-event/,301,FALSE,TRUE,FALSE,FALSE
coderstrust.global/wp-content/uploads/2024/05/WSIS-1.png,https://coderstrust.global/news/coderstrust-attends-wsis20-forum-high-level-event/,301,FALSE,TRUE,FALSE,FALSE
coderstrust.global/wp-content/uploads/2024/05/WSIS-2-300x225.jpeg,https://coderstrust.global/news/coderstrust-attends-wsis20-forum-high-level-event/,301,FALSE,TRUE,FALSE,FALSE
coderstrust.global/wp-content/uploads/2024/05/WSIS-2.jpeg,https://coderstrust.global/news/coderstrust-attends-wsis20-forum-high-level-event/,301,FALSE,TRUE,FALSE,FALSE
coderstrust.global/wp-content/uploads/2024/05/bank-transfer.jpg,https://jobready.global/,301,FALSE,TRUE,FALSE,FALSE
coderstrust.global/wp-content/uploads/2024/05/bkash.jpg,https://jobready.global/,301,FALSE,TRUE,FALSE,FALSE
coderstrust.global/wp-content/uploads/2024/05/certifictae-ceremony-2-300x154.jpg,https://coderstrust.global/news/empowering-women-in-digital-economy-certificate-giving-ceremony-by-coderstrust-with-joyeeta-foundation/,301,FALSE,TRUE,FALSE,FALSE
coderstrust.global/wp-content/uploads/2024/05/certifictae-ceremony-2.jpg,https://coderstrust.global/news/empowering-women-in-digital-economy-certificate-giving-ceremony-by-coderstrust-with-joyeeta-foundation/,301,FALSE,TRUE,FALSE,FALSE
coderstrust.global/wp-content/uploads/2024/05/certifictae-ceremony.jpg,https://coderstrust.global/,301,FALSE,TRUE,FALSE,FALSE
coderstrust.global/wp-content/uploads/2024/05/computational-thinking.svg,https://coderstrust.global/programs/superkids/,301,FALSE,TRUE,FALSE,FALSE
coderstrust.global/wp-content/uploads/2024/05/higher-education-2.svg,https://coderstrust.global/programs/superkids/,301,FALSE,TRUE,FALSE,FALSE
coderstrust.global/wp-content/uploads/2024/05/interactive-steam.svg,https://coderstrust.global/programs/superkids/,301,FALSE,TRUE,FALSE,FALSE
coderstrust.global/wp-content/uploads/2024/05/mastercard.jpg,https://jobready.global/,301,FALSE,TRUE,FALSE,FALSE
coderstrust.global/wp-content/uploads/2024/05/nihal-1024x1024.jpg,https://coderstrust.global/programs/superkids/,301,FALSE,TRUE,FALSE,FALSE
coderstrust.global/wp-content/uploads/2024/05/nihal.jpg,https://coderstrust.global/programs/superkids/,301,FALSE,TRUE,FALSE,FALSE
coderstrust.global/wp-content/uploads/2024/05/prnt-review-1.png,https://coderstrust.global/programs/superkids/,301,FALSE,TRUE,FALSE,FALSE
coderstrust.global/wp-content/uploads/2024/05/prnt-review-3.png,https://coderstrust.global/programs/superkids/,301,FALSE,TRUE,FALSE,FALSE
coderstrust.global/wp-content/uploads/2024/05/prnt-review-4.png,https://coderstrust.global/programs/superkids/,301,FALSE,TRUE,FALSE,FALSE
coderstrust.global/wp-content/uploads/2024/05/sk-gallery-2-1.png,https://coderstrust.global/programs/superkids/,301,FALSE,TRUE,FALSE,FALSE
coderstrust.global/wp-content/uploads/2024/05/sk-gallery-2-2.png,https://coderstrust.global/programs/superkids/,301,FALSE,TRUE,FALSE,FALSE
coderstrust.global/wp-content/uploads/2024/05/sk-gallery-4.png,https://coderstrust.global/programs/superkids/,301,FALSE,TRUE,FALSE,FALSE
coderstrust.global/wp-content/uploads/2024/05/sk-gallery-5.jpg,https://coderstrust.global/programs/superkids/,301,FALSE,TRUE,FALSE,FALSE
coderstrust.global/wp-content/uploads/2024/05/sk-gallery-7.jpg,https://coderstrust.global/programs/superkids/,301,FALSE,TRUE,FALSE,FALSE
coderstrust.global/wp-content/uploads/2024/05/sk-gallery-8.jpg,https://coderstrust.global/programs/superkids/,301,FALSE,TRUE,FALSE,FALSE
coderstrust.global/wp-content/uploads/2024/05/visa.jpg,https://jobready.global/,301,FALSE,TRUE,FALSE,FALSE
coderstrust.global/wp-content/uploads/2024/05/zaeem-1024x1024.jpg,https://coderstrust.global/programs/superkids/,301,FALSE,TRUE,FALSE,FALSE
coderstrust.global/wp-content/uploads/2024/05/zaeem.jpg,https://coderstrust.global/programs/superkids/,301,FALSE,TRUE,FALSE,FALSE
coderstrust.global/wp-content/uploads/2024/05/zuhaina.png,https://coderstrust.global/programs/superkids/,301,FALSE,TRUE,FALSE,FALSE
coderstrust.global/wp-content/uploads/2024/06/Aziz-Ahmad-Speaking.jpg,https://coderstrust.global/about/team/aziz-ahmad/,301,FALSE,TRUE,FALSE,FALSE
coderstrust.global/wp-content/uploads/2024/06/Aziz-Ahmad-at-UN-1-300x225.jpg,https://coderstrust.global/news/aziz-ahmad-advocates-technology-skills-for-peace-at-un-world-press-freedom-day/,301,FALSE,TRUE,FALSE,FALSE
coderstrust.global/wp-content/uploads/2024/06/Aziz-Ahmad-at-UN-1.jpg,https://coderstrust.global/news/aziz-ahmad-advocates-technology-skills-for-peace-at-un-world-press-freedom-day/,301,FALSE,TRUE,FALSE,FALSE
coderstrust.global/wp-content/uploads/2024/06/Aziz-Ahmad-at-UN-2-768x538.jpg,https://coderstrust.global/about/team/aziz-ahmad/,301,FALSE,TRUE,FALSE,FALSE
coderstrust.global/wp-content/uploads/2024/06/Aziz-Ahmad-at-UN-2.jpg,https://coderstrust.global/about/team/aziz-ahmad/,301,FALSE,TRUE,FALSE,FALSE
coderstrust.global/wp-content/uploads/2024/06/Aziz-Ahmad-awarded-Minority-Business-Entrepreneur-of-the-Year-2-768x538.jpg,https://coderstrust.global/about/team/aziz-ahmad/,301,FALSE,TRUE,FALSE,FALSE
coderstrust.global/wp-content/uploads/2024/06/Aziz-Ahmad-awarded-Minority-Business-Entrepreneur-of-the-Year-2.jpg,https://coderstrust.global/about/team/aziz-ahmad/,301,FALSE,TRUE,FALSE,FALSE
coderstrust.global/wp-content/uploads/2024/06/Aziz-Ahmad-with-Pope-Francis-768x538.jpg,https://coderstrust.global/about/team/aziz-ahmad/,301,FALSE,TRUE,FALSE,FALSE
coderstrust.global/wp-content/uploads/2024/06/Aziz-Ahmad-with-Pope-Francis.jpg,https://coderstrust.global/about/team/aziz-ahmad/,301,FALSE,TRUE,FALSE,FALSE
coderstrust.global/wp-content/uploads/2024/06/Aziz-Ahmad_European_Union.jpg,https://coderstrust.global/about/team/aziz-ahmad/,301,FALSE,TRUE,FALSE,FALSE
coderstrust.global/wp-content/uploads/2024/06/Aziz-Ahmed-speaks-at-SDG-Lab-in-Davos-768x538.jpg,https://coderstrust.global/about/team/aziz-ahmad/,301,FALSE,TRUE,FALSE,FALSE
coderstrust.global/wp-content/uploads/2024/06/Aziz-Ahmed-speaks-at-SDG-Lab-in-Davos.jpg,https://coderstrust.global/about/team/aziz-ahmad/,301,FALSE,TRUE,FALSE,FALSE
coderstrust.global/wp-content/uploads/2024/06/CCNY-Logo-white.svg,https://coderstrust.global/,301,FALSE,TRUE,FALSE,FALSE
coderstrust.global/wp-content/uploads/2024/06/Certificate-Giving-Ceremony-by-CodersTrust-with-Joyeeta-Foundation-4-300x225.jpg,https://coderstrust.global/news/empowering-women-in-digital-economy-certificate-giving-ceremony-by-coderstrust-with-joyeeta-foundation/,301,FALSE,TRUE,FALSE,FALSE
coderstrust.global/wp-content/uploads/2024/06/Certificate-Giving-Ceremony-by-CodersTrust-with-Joyeeta-Foundation-4.jpg,https://coderstrust.global/news/empowering-women-in-digital-economy-certificate-giving-ceremony-by-coderstrust-with-joyeeta-foundation/,301,FALSE,TRUE,FALSE,FALSE
coderstrust.global/wp-content/uploads/2024/06/Certificate-Giving-Ceremony-by-CodersTrust-with-Joyeeta-Foundation-5-300x225.jpg,https://coderstrust.global/news/empowering-women-in-digital-economy-certificate-giving-ceremony-by-coderstrust-with-joyeeta-foundation/,301,FALSE,TRUE,FALSE,FALSE
coderstrust.global/wp-content/uploads/2024/06/Certificate-Giving-Ceremony-by-CodersTrust-with-Joyeeta-Foundation-5.jpg,https://coderstrust.global/news/empowering-women-in-digital-economy-certificate-giving-ceremony-by-coderstrust-with-joyeeta-foundation/,301,FALSE,TRUE,FALSE,FALSE
coderstrust.global/wp-content/uploads/2024/06/CodersTrust-at-BIMSTEC-2-1-300x225.jpg,https://coderstrust.global/news/coderstrust-visited-bimstec-headquarter/,301,FALSE,TRUE,FALSE,FALSE
coderstrust.global/wp-content/uploads/2024/06/CodersTrust-at-BIMSTEC-2-1.jpg,https://coderstrust.global/news/coderstrust-visited-bimstec-headquarter/,301,FALSE,TRUE,FALSE,FALSE
coderstrust.global/wp-content/uploads/2024/06/CodersTrust-at-BIMSTEC-561x456.jpg,https://coderstrust.global/,301,FALSE,TRUE,FALSE,FALSE
coderstrust.global/wp-content/uploads/2024/06/CodersTrust-at-BIMSTEC.jpg,https://coderstrust.global/,301,FALSE,TRUE,FALSE,FALSE
coderstrust.global/wp-content/uploads/2024/06/SBA-Image.jpg,https://coderstrust.global/about/team/aziz-ahmad/,301,FALSE,TRUE,FALSE,FALSE
coderstrust.global/wp-content/uploads/2024/06/US-Chamber-of-Commerce.jpg,https://coderstrust.global/about/team/aziz-ahmad/,301,FALSE,TRUE,FALSE,FALSE
coderstrust.global/wp-content/uploads/2024/06/education26-light.jpg,https://coderstrust.global/programs/nationwide/,301,FALSE,TRUE,FALSE,FALSE
coderstrust.global/wp-content/uploads/2024/06/gallary12.jpg,https://coderstrust.global/programs/superkids/,301,FALSE,TRUE,FALSE,FALSE
coderstrust.global/wp-content/uploads/2024/06/gallary14.jpg,https://coderstrust.global/programs/superkids/,301,FALSE,TRUE,FALSE,FALSE
coderstrust.global/wp-content/uploads/2024/06/gallary16.jpg,https://coderstrust.global/programs/superkids/,301,FALSE,TRUE,FALSE,FALSE
coderstrust.global/wp-content/uploads/2024/06/gallary19.jpg,https://coderstrust.global/programs/superkids/,301,FALSE,TRUE,FALSE,FALSE
coderstrust.global/wp-content/uploads/2024/06/gallary2.0.jpg,https://coderstrust.global/programs/superkids/,301,FALSE,TRUE,FALSE,FALSE
coderstrust.global/wp-content/uploads/2024/06/gallary20.jpg,https://coderstrust.global/programs/superkids/,301,FALSE,TRUE,FALSE,FALSE
coderstrust.global/wp-content/uploads/2024/06/nationwide-3.jpg,https://coderstrust.global/programs/nationwide/,301,FALSE,TRUE,FALSE,FALSE
coderstrust.global/wp-content/uploads/2024/06/workshop-white-bg.jpg,https://coderstrust.global/programs/superkids/,301,FALSE,TRUE,FALSE,FALSE
coderstrust.global/wp-content/uploads/2024/08/Dr.-Juan-Carlos-Sainz-Borgo-2.png,https://coderstrust.global/,301,FALSE,TRUE,FALSE,FALSE
coderstrust.global/wp-content/uploads/2024/08/H.E.-Winnie-Estrup-Petersen.png,https://coderstrust.global/,301,FALSE,TRUE,FALSE,FALSE
coderstrust.global/wp-content/uploads/2024/08/Melissa-Mannis.png,https://coderstrust.global/,301,FALSE,TRUE,FALSE,FALSE
coderstrust.global/wp-content/uploads/2024/09/CodersTrust-Logo-1536x183.png,https://coderstrust.global/,301,FALSE,TRUE,FALSE,FALSE
coderstrust.global/wp-content/uploads/2024/09/CodersTrust-Logo-2048x244.png,https://coderstrust.global/,301,FALSE,TRUE,FALSE,FALSE
coderstrust.global/wp-content/uploads/2024/09/CodersTrust-Logo-768x92.png,https://coderstrust.global/,301,FALSE,TRUE,FALSE,FALSE
coderstrust.global/wp-content/uploads/2024/09/CodersTrust-Logo.png,https://coderstrust.global/,301,FALSE,TRUE,FALSE,FALSE
coderstrust.global/wp-content/uploads/2024/09/Erlisa-Zherka-e1727695144944.jpg,https://coderstrust.global/impact/case-studies/kosovo-women-in-online-work/,301,FALSE,TRUE,FALSE,FALSE
coderstrust.global/wp-content/uploads/2024/09/Kosovo-Women-in-Online-Work-WOW-Pilot-2017.jpg,https://coderstrust.global/impact/case-studies/,301,FALSE,TRUE,FALSE,FALSE
coderstrust.global/wp-content/uploads/2024/09/Maria-Dewan-herpower-e1727599982142.jpg,https://coderstrust.global/impact/case-studies/her-power/,301,FALSE,TRUE,FALSE,FALSE
coderstrust.global/wp-content/uploads/2024/09/Overlay-Right-Dark.png,https://coderstrust.global/careers/,301,FALSE,TRUE,FALSE,FALSE
coderstrust.global/wp-content/uploads/2024/09/Porticus-logo-1.png,https://coderstrust.global/impact/case-studies/wsdfm-women-freelancers/,301,FALSE,TRUE,FALSE,FALSE
coderstrust.global/wp-content/uploads/2024/09/STRONG.png,https://coderstrust.global/impact/case-studies/,301,FALSE,TRUE,FALSE,FALSE
coderstrust.global/wp-content/uploads/2024/09/Screenshot-2024-09-30-194023-e1727703690352.png,https://coderstrust.global/impact/case-studies/,301,FALSE,TRUE,FALSE,FALSE
coderstrust.global/wp-content/uploads/2024/09/UNDP-YES.png,https://coderstrust.global/impact/case-studies/undp-yes-korail/,301,FALSE,TRUE,FALSE,FALSE
coderstrust.global/wp-content/uploads/2024/09/YES.png,https://coderstrust.global/impact/case-studies/,301,FALSE,TRUE,FALSE,FALSE
coderstrust.global/wp-content/uploads/2024/09/ab9521121356851.60ccb50198432-1.png,https://coderstrust.global/impact/case-studies/wsdfm-women-freelancers/,301,FALSE,TRUE,FALSE,FALSE
coderstrust.global/wp-content/uploads/2024/09/empower-logo.png,https://coderstrust.global/impact/case-studies/wsdfm-women-freelancers/,301,FALSE,TRUE,FALSE,FALSE
coderstrust.global/wp-content/uploads/2024/09/her-power-chart.png,https://coderstrust.global/impact/case-studies/her-power/,301,FALSE,TRUE,FALSE,FALSE
coderstrust.global/wp-content/uploads/2024/09/herPower-e1727597558375.jpg,https://coderstrust.global/impact/case-studies/,301,FALSE,TRUE,FALSE,FALSE
coderstrust.global/wp-content/uploads/2024/09/kosova-chart.png,https://coderstrust.global/impact/case-studies/kosovo-women-in-online-work/,301,FALSE,TRUE,FALSE,FALSE
coderstrust.global/wp-content/uploads/2024/09/manusher-jonno-foundation-logo.png,https://coderstrust.global/impact/case-studies/wsdfm-women-freelancers/,301,FALSE,TRUE,FALSE,FALSE
coderstrust.global/wp-content/uploads/2024/09/wsdfm-1.jpg,https://coderstrust.global/impact/case-studies/wsdfm-women-freelancers/,301,FALSE,TRUE,FALSE,FALSE
coderstrust.global/wp-content/uploads/2024/09/wsdfm-2.jpg,https://coderstrust.global/impact/case-studies/,301,FALSE,TRUE,FALSE,FALSE
coderstrust.global/wp-content/uploads/2024/09/wsdfm-graph.jpg.png,https://coderstrust.global/impact/case-studies/wsdfm-women-freelancers/,301,FALSE,TRUE,FALSE,FALSE
coderstrust.global/wp-content/uploads/2024/09/wsdfm-trainee-2.png,https://coderstrust.global/impact/case-studies/wsdfm-women-freelancers/,301,FALSE,TRUE,FALSE,FALSE
coderstrust.global/wp-content/uploads/2024/10/CodersTrust-organizes-Career-Carnival-1.png,https://coderstrust.global/news/coderstrust-organizes-career-carnival-for-students-and-affiliates/,301,FALSE,TRUE,FALSE,FALSE
coderstrust.global/wp-content/uploads/2024/10/Ferdinand-aziz-yunus-768x768.jpg,https://coderstrust.global/about/team/ferdinand-kjaerulff/,301,FALSE,TRUE,FALSE,FALSE
coderstrust.global/wp-content/uploads/2024/10/Ferdinand-aziz-yunus.jpg,https://coderstrust.global/about/team/ferdinand-kjaerulff/,301,FALSE,TRUE,FALSE,FALSE
coderstrust.global/wp-content/uploads/2024/10/Ferdinand-crast.jpg,https://coderstrust.global/about/team/ferdinand-kjaerulff/,301,FALSE,TRUE,FALSE,FALSE
coderstrust.global/wp-content/uploads/2024/10/Ferdinand-kjaerulff-lanscape-scaled-e1728207376429.jpg,https://coderstrust.global/about/team/ferdinand-kjaerulff/,301,FALSE,TRUE,FALSE,FALSE
coderstrust.global/wp-content/uploads/2024/10/atikur-rahman-fos.png,https://jobready.global/,301,FALSE,TRUE,FALSE,FALSE
coderstrust.global/wp-content/uploads/2024/10/ferdinand-giving-award-to-trainee.jpg,https://coderstrust.global/about/team/ferdinand-kjaerulff/,301,FALSE,TRUE,FALSE,FALSE
coderstrust.global/wp-content/uploads/2025/01/MoU-Signing-Ceremony-Between-North-South-University-CodersTrust-2-e1737963409112.jpg,https://coderstrust.global/news/mou-signing-ceremony-between-north-south-university-coderstrust/,301,FALSE,TRUE,FALSE,FALSE
coderstrust.global/wp-content/uploads/2025/01/MoU-Signing-Ceremony-Between-North-South-University-CodersTrust-3.jpg,https://coderstrust.global/news/mou-signing-ceremony-between-north-south-university-coderstrust/,301,FALSE,TRUE,FALSE,FALSE
coderstrust.global/wp-content/uploads/2025/01/MoU-Signing-Ceremony-Between-North-South-University-CodersTrust.jpg,https://coderstrust.global/news/mou-signing-ceremony-between-north-south-university-coderstrust/,301,FALSE,TRUE,FALSE,FALSE
coderstrust.global/wp-content/uploads/2025/01/SDG-Life-Achievement-Award-2-e1737966432106.png,https://coderstrust.global/,301,FALSE,TRUE,FALSE,FALSE
coderstrust.global/wp-content/uploads/2025/01/SDG-Life-Achievement-Award-e1737966582881.png,https://coderstrust.global/news/coderstrust-chairman-mr-aziz-ahmad-receives-sdg-life-achievement-award-from-the-unsgii/,301,FALSE,TRUE,FALSE,FALSE
coderstrust.global/wp-content/uploads/2025/01/holonIQ-24.png,https://coderstrust.global/news/coderstrust-recognized-among-holoniqs-2024-south-asia-edtech-100/,301,FALSE,TRUE,FALSE,FALSE
coderstrust.global/wp-content/uploads/2025/05/MD-FAHIM-SHEIKH.png,https://coderstrust.global/about/team/,301,FALSE,TRUE,FALSE,FALSE
coderstrust.global/wp-content/uploads/2025/05/MD-HAZRAT-ALI-NAHID.png,https://coderstrust.global/about/team/,301,FALSE,TRUE,FALSE,FALSE
coderstrust.global/wp-content/uploads/2025/05/Rezaul-Karim-Khan.png,https://coderstrust.global/about/team/,301,FALSE,TRUE,FALSE,FALSE
coderstrust.global/wp-content/uploads/2025/08/Rezaul-Karim-Khan.jpg,https://coderstrust.global/about/mentors/,301,FALSE,TRUE,FALSE,FALSE
coderstrust.global/wp-content/uploads/2025/08/sadik-putul-1.2.png,https://coderstrust.global/careers/,301,FALSE,TRUE,FALSE,FALSE
coderstrust.global/wp-content/uploads/2025/09/Logo-118x45-1.png,https://coderstrust.global/about/team/,301,FALSE,TRUE,FALSE,FALSE
coderstrust.global/wp-content/uploads/2025/09/Selim-Sheikh.png,https://coderstrust.global/about/mentors/,301,FALSE,TRUE,FALSE,FALSE
coderstrust.global/wp-content/uploads/2025/09/founding-of-CodersTrust.png,https://coderstrust.global/about/team/,301,FALSE,TRUE,FALSE,FALSE
coderstrust.global/wp-content/uploads/2025/09/sharif.webp,https://coderstrust.global/about/mentors/,301,FALSE,TRUE,FALSE,FALSE
coderstrust.global/wp-content/uploads/2025/09/tc-lockup.svg,https://coderstrust.global/about/team/,301,FALSE,TRUE,FALSE,FALSE
coderstrust.global/wp-content/uploads/2025/10/hi-tech-park-flow-chart-e1760529452560.jpg,https://coderstrust.global/programs/nationwide/,301,FALSE,TRUE,FALSE,FALSE
coderstrust.global/wp-content/uploads/2025/11/BCIU-Roundtable.png,https://coderstrust.global/news/coderstrust-chairman-mr-aziz-ahmad-joins-bciu-roundtable-in-washington-d-c/,301,FALSE,TRUE,FALSE,FALSE
coderstrust.global/wp-content/uploads/2025/11/Cybersecurity-AI-at-UNGA-2025-1.jpeg,https://coderstrust.global/news/coderstrust-chairman-mr-aziz-ahmad-speaks-on-cybersecurity-artificial-intelligence-at-united-nations-general-assembly-unga-2025/,301,FALSE,TRUE,FALSE,FALSE
coderstrust.global/wp-content/uploads/2025/11/Cybersecurity-AI-at-UNGA-2025-4-e1763190263802.png,https://coderstrust.global/news/coderstrust-chairman-mr-aziz-ahmad-speaks-on-cybersecurity-artificial-intelligence-at-united-nations-general-assembly-unga-2025/,301,FALSE,TRUE,FALSE,FALSE
coderstrust.global/wp-content/uploads/2025/11/Cybersecurity-AI-at-UNGA-2025-4.2.png,https://coderstrust.global/,301,FALSE,TRUE,FALSE,FALSE
coderstrust.global/wp-content/uploads/2025/11/MoU-between-BPI-and-CodersTrust-2.png,https://coderstrust.global/news/mou-signed-between-bangladesh-petroleum-institute-bpi-and-coderstrust/,301,FALSE,TRUE,FALSE,FALSE
coderstrust.global/wp-content/uploads/2025/11/MoU-between-BPI-and-CodersTrust-3.png,https://coderstrust.global/news/mou-signed-between-bangladesh-petroleum-institute-bpi-and-coderstrust/,301,FALSE,TRUE,FALSE,FALSE
coderstrust.global/wp-content/uploads/2025/11/MoU-between-BPI-and-CodersTrust-4-2.png,https://coderstrust.global/news/mou-signed-between-bangladesh-petroleum-institute-bpi-and-coderstrust/,301,FALSE,TRUE,FALSE,FALSE
coderstrust.global/wp-content/uploads/2025/11/MoU-with-Base-Study-Concern-1.png,https://coderstrust.global/news/coderstrust-bangladesh-signs-strategic-mou-with-base-study-concern-to-enhance-global-education-opportunities/,301,FALSE,TRUE,FALSE,FALSE
coderstrust.global/wp-content/uploads/2025/11/MoU-with-Base-Study-Concern-3.png,https://coderstrust.global/news/coderstrust-bangladesh-signs-strategic-mou-with-base-study-concern-to-enhance-global-education-opportunities/,301,FALSE,TRUE,FALSE,FALSE
coderstrust.global/wp-content/uploads/2025/11/MoU-with-Base-Study-Concern-4.png,https://coderstrust.global/news/coderstrust-bangladesh-signs-strategic-mou-with-base-study-concern-to-enhance-global-education-opportunities/,301,FALSE,TRUE,FALSE,FALSE
coderstrust.global/wp-content/uploads/2025/11/US-Embassy-August-2025-2.png,https://coderstrust.global/news/coderstrust-chairman-mr-aziz-ahmad-leads-delegation-to-u-s-embassy-to-discuss-youth-empowerment/,301,FALSE,TRUE,FALSE,FALSE
coderstrust.global/wp-content/uploads/2025/11/US-Embassy-August-2025.png,https://coderstrust.global/,301,FALSE,TRUE,FALSE,FALSE
coderstrust.global/wp-content/uploads/2025/12/PAPIYA-NABI.png,https://coderstrust.global/about/mentors/,301,FALSE,TRUE,FALSE,FALSE
coderstrust.global/wp-content/uploads/2026/01/WhatsApp-Image-2026-01-11-at-2.40.21-PM-1-e1768124307518.jpeg,https://coderstrust.global/impact/case-studies/her-power/,301,FALSE,TRUE,FALSE,FALSE
coderstrust.global/wp-content/uploads/2026/01/WhatsApp-Image-2026-01-11-at-2.40.21-PM-4-e1768123869421.jpeg,https://coderstrust.global/impact/case-studies/her-power/,301,FALSE,TRUE,FALSE,FALSE
coderstrust.global/wp-content/uploads/2026/01/WhatsApp-Image-2026-01-11-at-2.40.21-PM-e1768124121761.jpeg,https://coderstrust.global/impact/case-studies/her-power/,301,FALSE,TRUE,FALSE,FALSE
coderstrust.global/wp-content/uploads/2026/02/Rangamati-Science-and-Technology-University-1.png,https://coderstrust.global/news/coderstrust-chairman-and-co-founder-aziz-ahmad-encourages-rmstu-graduates-to-build-global-careers-through-skills-and-innovation/,301,FALSE,TRUE,FALSE,FALSE
coderstrust.global/wp-content/uploads/2026/02/Rangamati-Science-and-Technology-University-2.png,https://coderstrust.global/news/coderstrust-chairman-and-co-founder-aziz-ahmad-encourages-rmstu-graduates-to-build-global-careers-through-skills-and-innovation/,301,FALSE,TRUE,FALSE,FALSE
coderstrust.global/wp-content/uploads/2026/02/Rangamati-Science-and-Technology-University-3.png,https://coderstrust.global/news/coderstrust-chairman-and-co-founder-aziz-ahmad-encourages-rmstu-graduates-to-build-global-careers-through-skills-and-innovation/,301,FALSE,TRUE,FALSE,FALSE
coderstrust.global/wp-content/uploads/2026/03/US-Secretary-of-Energy-1.png,https://coderstrust.global/news/coderstrust-chairman-and-co-founder-aziz-ahmad-participates-in-u-s-energy-security-panel/,301,FALSE,TRUE,FALSE,FALSE
coderstrust.global/wp-content/uploads/2026/03/US-Secretary-of-Energy-2.png,https://coderstrust.global/news/coderstrust-chairman-and-co-founder-aziz-ahmad-participates-in-u-s-energy-security-panel/,301,FALSE,TRUE,FALSE,FALSE
coderstrust.global/wp-content/uploads/2026/03/US-Secretary-of-Energy-3.png,https://coderstrust.global/news/coderstrust-chairman-and-co-founder-aziz-ahmad-participates-in-u-s-energy-security-panel/,301,FALSE,TRUE,FALSE,FALSE
coderstrust.global/wp-content/uploads/2026/03/basis-asset-1-e1772347175564.png,https://coderstrust.global/news/coderstrust-and-basis-asset-collaborate-to-build-bangladeshs-it-future/,301,FALSE,TRUE,FALSE,FALSE
coderstrust.global/wp-content/uploads/2026/03/basis-asset-2.png,https://coderstrust.global/news/coderstrust-and-basis-asset-collaborate-to-build-bangladeshs-it-future/,301,FALSE,TRUE,FALSE,FALSE
coderstrust.global/wp-content/uploads/2026/04/UPACE-students-2.jpg,https://coderstrust.global/news/coderstrust-students-invited-to-join-upeaces-young-leaders-for-peace-summer-programme-2026/,301,FALSE,TRUE,FALSE,FALSE
coderstrust.global/wp-content/uploads/2026/04/UPACE-students-5.jpg,https://coderstrust.global/news/coderstrust-students-invited-to-join-upeaces-young-leaders-for-peace-summer-programme-2026/,301,FALSE,TRUE,FALSE,FALSE
coderstrust.global/wp-content/uploads/2026/04/UPACE-students-6.jpg,https://coderstrust.global/news/coderstrust-students-invited-to-join-upeaces-young-leaders-for-peace-summer-programme-2026/,301,FALSE,TRUE,FALSE,FALSE
coderstrust.global/wp-content/uploads/2026/04/UPACE-students-7.jpg,https://coderstrust.global/news/coderstrust-students-invited-to-join-upeaces-young-leaders-for-peace-summer-programme-2026/,301,FALSE,TRUE,FALSE,FALSE
coderstrust.global/wp-content/uploads/2026/04/UPACE-students-8.jpg,https://coderstrust.global/news/coderstrust-students-invited-to-join-upeaces-young-leaders-for-peace-summer-programme-2026/,301,FALSE,TRUE,FALSE,FALSE
coderstrust.global/wp-content/uploads/2026/04/UPACE-students.jpg,https://coderstrust.global/news/coderstrust-students-invited-to-join-upeaces-young-leaders-for-peace-summer-programme-2026/,301,FALSE,TRUE,FALSE,FALSE
coderstrust.global/wp-content/uploads/2026/07/Partners-with-US-Based-RemoteIntegrity-2-370x296.webp,https://coderstrust.global/news/,301,FALSE,TRUE,FALSE,FALSE
coderstrust.global/wp-content/uploads/2026/07/Partners-with-US-Based-RemoteIntegrity-2.webp,https://coderstrust.global/news/,301,FALSE,TRUE,FALSE,FALSE
coderstrust.global/wp-content/uploads/2026/07/Partners-with-US-Based-RemoteIntegrity.webp,https://coderstrust.global/news/coderstrust-bangladesh-partners-with-us-based-remoteintegrity-llc-to-expand-global-career-opportunities/,301,FALSE,TRUE,FALSE,FALSE
coderstrust.global/wp-content/uploads/2026/07/Sanjida-Rahman-mentor.png,https://coderstrust.global/about/mentors/,301,FALSE,TRUE,FALSE,FALSE
coderstrust.global/wp-content/uploads/2026/07/Why-We-Call-It-a-Digital-Factory-3.jpeg,https://coderstrust.global/news/why-we-call-it-a-digital-factory/,301,FALSE,TRUE,FALSE,FALSE
coderstrust.global/wp-content/uploads/2026/07/Why-We-Call-It-a-Digital-Factory-370x296.jpeg,https://coderstrust.global/news/,301,FALSE,TRUE,FALSE,FALSE
coderstrust.global/wp-content/uploads/2026/07/Why-We-Call-It-a-Digital-Factory.jpeg,https://coderstrust.global/news/,301,FALSE,TRUE,FALSE,FALSE
coderstrust.global/wp-content/uploads/2026/07/technical-excellence-370x296.jpeg,https://coderstrust.global/news/,301,FALSE,TRUE,FALSE,FALSE
coderstrust.global/wp-content/uploads/2026/07/technical-excellence.jpeg,https://coderstrust.global/news/,301,FALSE,TRUE,FALSE,FALSE
coderstrust.global/wp-content/uploads/2026/08/Aziz-Ahmad-Farming-370x296.jpg,https://coderstrust.global/news/,301,FALSE,TRUE,FALSE,FALSE
coderstrust.global/wp-content/uploads/2026/08/Aziz-Ahmad-Farming.jpg,https://coderstrust.global/news/,301,FALSE,TRUE,FALSE,FALSE
coderstrust.global/wp-content/uploads/2026/08/Aziz-Ahmad-farming-8.jpg,https://coderstrust.global/news/the-man-behind-coderstrust-who-never-forgot-his-roots/,301,FALSE,TRUE,FALSE,FALSE
coderstrust.global/wp-content/uploads/2026/08/Aziz-Ahmad-farming-9.jpg,https://coderstrust.global/news/the-man-behind-coderstrust-who-never-forgot-his-roots/,301,FALSE,TRUE,FALSE,FALSE
coderstrust.global/wp-content/uploads/2026/08/Great-American-Treasure-Hunt-2-370x296.jpeg,https://coderstrust.global/news/,301,FALSE,TRUE,FALSE,FALSE
coderstrust.global/wp-content/uploads/2026/08/Great-American-Treasure-Hunt-2.jpeg,https://coderstrust.global/news/,301,FALSE,TRUE,FALSE,FALSE
coderstrust.global/wp-content/uploads/2026/08/Great-American-Treasure-Hunt-5.jpeg,https://coderstrust.global/news/a-proud-milestone-for-coderstrust/,301,FALSE,TRUE,FALSE,FALSE
coderstrust.global/wp-content/uploads/2026/08/UPEACE-Ambassador-370x296.jpeg,https://coderstrust.global/news/,301,FALSE,TRUE,FALSE,FALSE
coderstrust.global/wp-content/uploads/2026/08/UPEACE-Ambassador.jpeg,https://coderstrust.global/news/,301,FALSE,TRUE,FALSE,FALSE
coderstrust.global/wp-content/uploads/2026/09/Aziz-Ahmad-Visits-City-College-Downtown-370x296.webp,https://coderstrust.global/news/,301,FALSE,TRUE,FALSE,FALSE
coderstrust.global/wp-content/uploads/2026/09/Aziz-Ahmad-Visits-City-College-Downtown.webp,https://coderstrust.global/news/,301,FALSE,TRUE,FALSE,FALSE
coderstrust.global/wp-content/uploads/2026/09/Celebrating-America-Week-1-370x296.webp,https://coderstrust.global/news/,301,FALSE,TRUE,FALSE,FALSE
coderstrust.global/wp-content/uploads/2026/09/Celebrating-America-Week-1.webp,https://coderstrust.global/news/,301,FALSE,TRUE,FALSE,FALSE
coderstrust.global/wp-content/uploads/2026/09/Celebrating-America-Week-group.webp,https://coderstrust.global/news/celebrating-america-week-with-the-u-s-embassy-dhaka/,301,FALSE,TRUE,FALSE,FALSE
coderstrust.global/wp-content/uploads/2026/09/almas.webp,https://coderstrust.global/about/mentors/,301,FALSE,TRUE,FALSE,FALSE
coderstrust.global/wp-content/uploads/2026/09/meeting-with-Honble-Foreign-Minister-of-Bangladesh-370x296.png,https://coderstrust.global/news/,301,FALSE,TRUE,FALSE,FALSE
coderstrust.global/wp-content/uploads/2026/09/meeting-with-Honble-Foreign-Minister-of-Bangladesh.png,https://coderstrust.global/news/,301,FALSE,TRUE,FALSE,FALSE
coderstrust.global/wp-content/uploads/2026/09/sandipan.webp,https://coderstrust.global/about/mentors/,301,FALSE,TRUE,FALSE,FALSE
coderstrust.global/wp-content/uploads/2026/10/Zaharul.webp,https://coderstrust.global/about/team/,301,FALSE,TRUE,FALSE,FALSE
coderstrust.global/wp-content/uploads/2026/10/asad.webp,https://coderstrust.global/about/team/,301,FALSE,TRUE,FALSE,FALSE
coderstrust.global/wp-content/uploads/2026/10/zaman.webp,https://coderstrust.global/about/team/,301,FALSE,TRUE,FALSE,FALSE
coderstrust.global/wp-content/uploads/elementor/thumbs/Albania-qic0o4qa0a4h6lwzqtj15vp3jcdn8jggapghirwwlc.png,https://coderstrust.global/,301,FALSE,TRUE,FALSE,FALSE
coderstrust.global/wp-content/uploads/elementor/thumbs/Bangladesh-qhwe5f7fyefhuf78nu8h4kqy67jnlijnr04xvvubcw.png,https://coderstrust.global/,301,FALSE,TRUE,FALSE,FALSE
coderstrust.global/wp-content/uploads/elementor/thumbs/Bhutan-qnj2r0fhpe8x77ch168cqauv5p53z9d9kcyupn5tkw.png,https://coderstrust.global/,301,FALSE,TRUE,FALSE,FALSE
coderstrust.global/wp-content/uploads/elementor/thumbs/Denmark-qhwe5jwmwklxgh0ewe9lz1k954who02bfneda9nchs.png,https://coderstrust.global/,301,FALSE,TRUE,FALSE,FALSE
coderstrust.global/wp-content/uploads/elementor/thumbs/DoICT-Logo-qhwgh4q428j31idzq1nfqmrn6fpp924jbzsyrnp4gi.png,https://coderstrust.global/,301,FALSE,TRUE,FALSE,FALSE
coderstrust.global/wp-content/uploads/elementor/thumbs/Hi-Tech-Park-logo-qhwgh6lsfwlnoqb9f2govmakd7gfogc0093xq7mc42.png,https://coderstrust.global/,301,FALSE,TRUE,FALSE,FALSE
coderstrust.global/wp-content/uploads/elementor/thumbs/Honduras-qhwe5pjo1ktne4s7zgpde050pg4oy6opgfba5xezgg.png,https://coderstrust.global/,301,FALSE,TRUE,FALSE,FALSE
coderstrust.global/wp-content/uploads/elementor/thumbs/ICT-Division-Logo-qhwgh8hgtko8by8j439y0lthjz763ujgoieworjjrm.png,https://coderstrust.global/,301,FALSE,TRUE,FALSE,FALSE
coderstrust.global/wp-content/uploads/elementor/thumbs/IDEA-Logo-qic0oadem9uidiguowru50qrmkd4onc9q5iqp3nis2.png,https://coderstrust.global/,301,FALSE,TRUE,FALSE,FALSE
coderstrust.global/wp-content/uploads/elementor/thumbs/India-qhwe5kuh3en7s2z1qwo8jjbpqiruvp61rs1urjlybk.png,https://coderstrust.global/,301,FALSE,TRUE,FALSE,FALSE
coderstrust.global/wp-content/uploads/elementor/thumbs/Iraq-qhwe5lsba8oi3oxolf2v4136bwn83e9s3wpc8tkk5c.png,https://coderstrust.global/,301,FALSE,TRUE,FALSE,FALSE
coderstrust.global/wp-content/uploads/elementor/thumbs/Jordan-qhwe5h34c2i2hn4icv1q9k9vczae0wr4f9fwufrj0g.png,https://coderstrust.global/,301,FALSE,TRUE,FALSE,FALSE
coderstrust.global/wp-content/uploads/elementor/thumbs/Kenya-qhwe5lsba8oi3oxolf2v4136bwn83e9s3wpc8tkk5c.png,https://coderstrust.global/,301,FALSE,TRUE,FALSE,FALSE
coderstrust.global/wp-content/uploads/elementor/thumbs/Kosovo-qhwe5jwmwklxgh0ewe9lz1k954who02bfneda9nchs.png,https://coderstrust.global/,301,FALSE,TRUE,FALSE,FALSE
coderstrust.global/wp-content/uploads/elementor/thumbs/MEWOS-logo-qic0oadem9uidiguowru50qrmkd4onc9q5iqp3nis2.png,https://coderstrust.global/,301,FALSE,TRUE,FALSE,FALSE
coderstrust.global/wp-content/uploads/elementor/thumbs/Malaysia-qic0o3sftg36uzycwb4eldxmxyia0ucpykt01hyark.png,https://coderstrust.global/,301,FALSE,TRUE,FALSE,FALSE
coderstrust.global/wp-content/uploads/elementor/thumbs/NSDA-Logo-qic0oadem9uidiguowru50qrmkd4onc9q5iqp3nis2.png,https://coderstrust.global/,301,FALSE,TRUE,FALSE,FALSE
coderstrust.global/wp-content/uploads/elementor/thumbs/PKSF-Logo-qhwggy58qea2s8njsgt1r6ff0qm4r6eez38kepyvo2.png,https://coderstrust.global/,301,FALSE,TRUE,FALSE,FALSE
coderstrust.global/wp-content/uploads/elementor/thumbs/Poland-qhwe5qhi8euxpqqutz3zyhwhau025vsfsjyrn7dla8.png,https://coderstrust.global/,301,FALSE,TRUE,FALSE,FALSE
coderstrust.global/wp-content/uploads/elementor/thumbs/SEIP-Logo-qhwgh00x42cnfgkthhmaw5yc7icv6klvncjjd9w3bm.png,https://coderstrust.global/,301,FALSE,TRUE,FALSE,FALSE
coderstrust.global/wp-content/uploads/elementor/thumbs/Somalia-qhwe5i0yiwjct9357dgcu21byd5r8luure3ebpq4u8.png,https://coderstrust.global/,301,FALSE,TRUE,FALSE,FALSE
coderstrust.global/wp-content/uploads/elementor/thumbs/Somaliland-qhwe5iyspqkn4v1s1vuzejssjr14gayl3iqvszoqo0.png,https://coderstrust.global/,301,FALSE,TRUE,FALSE,FALSE
coderstrust.global/wp-content/uploads/elementor/thumbs/USA-qic0o8hmrm9mh1rj4v5jfuqxwvv43bvdn82ffvrbwg.png,https://coderstrust.global/,301,FALSE,TRUE,FALSE,FALSE
coderstrust.global/wp-content/uploads/elementor/thumbs/Uganda-qhwe5i0yiwjct9357dgcu21byd5r8luure3ebpq4u8.png,https://coderstrust.global/,301,FALSE,TRUE,FALSE,FALSE
coderstrust.global/wp-content/uploads/elementor/thumbs/undp-logo-5682674D5C-seeklogo.com_-q63xl4vop652guursketub0qgywx5f19yibpqsebis.png,https://coderstrust.global/impact/case-studies/undp-yes-korail/,301,FALSE,TRUE,FALSE,FALSE
coderstrust.global/wp-content/uploads/elementor/thumbs/undp-report-cover-qnj2r2b632d787alqf2zglvti08g8bia12rbr2nw1s.png,https://coderstrust.global/impact/case-studies/undp-yes-korail/,301,FALSE,TRUE,FALSE,FALSE
